trial,severity,mse,active_ingredient,year,spray,location,state
202,0.1,9.90909,trif_prot,2012,2,MAFRA,SC
3,0.1,6.53177,azox_cypr,2005,2,UBERABA,MG
3,0.1,6.53177,tebu,2005,2,UBERABA,MG
8,0.1,0.34482,azox_cypr,2005,2,GUARAPUAVA,PR
7,0.1,6.41161,tebu,2005,2,IPAMERI,GO
7,0.1,6.41161,azox_cypr,2005,2,IPAMERI,GO
33,0.1,0.02706,cypr,2006,2,PASSO FUNDO,RS
85,0.1,0.04092,tebu,2008,2,UBERABA,MG
105,0.1,0.1537,pico_cypr,2009,2,RONDONÓPOLIS,MT
130,0.1,0.09829,azox_cypr,2009,2,RONDONÓPOLIS,MT
8,0.1,0.34482,tebu,2005,2,GUARAPUAVA,PR
33,0.1,0.02706,tebu,2006,2,PASSO FUNDO,RS
85,0.1,0.04092,pico_cypr,2008,2,UBERABA,MG
85,0.1,0.04092,azox_cypr,2008,2,UBERABA,MG
105,0.2,0.1537,pyra_epox,2009,2,RONDONÓPOLIS,MT
130,0.2,0.09829,trif_prot,2009,2,RONDONÓPOLIS,MT
130,0.2,0.09829,tebu,2009,2,RONDONÓPOLIS,MT
122,0.2,5.5159,trif_prot,2009,3,GOIÂNIA,GO
167,0.2,7.9794,pyra_epox,2010,2,CAPÃO DO LEÃO,RS
18,0.2,1.22196,azox_cypr,2005,2,TAMARANA,PR
105,0.2,0.1537,azox_cypr,2009,2,RONDONÓPOLIS,MT
130,0.2,0.09829,pyra_metc,2009,2,RONDONÓPOLIS,MT
152,0.2,0.00756,pyra_metc,2010,2,SANTO ANTÔNIO DA PATRULHA,RS
152,0.2,0.00756,pico_cypr,2010,2,SANTO ANTÔNIO DA PATRULHA,RS
210,0.2,2.31392,pico_cypr,2013,2,SÃO GABRIEL DO OESTE,MS
105,0.2,0.1537,tebu,2009,2,RONDONÓPOLIS,MT
202,0.3,9.90909,pyra_epox,2012,2,MAFRA,SC
126,0.3,0.05907,trif_prot,2009,2,RIO VERDE,GO
152,0.3,0.00756,pyra_epox,2010,2,SANTO ANTÔNIO DA PATRULHA,RS
4,0.3,0.02818,tebu,2005,2,MARACAJÚ,MS
88,0.3,69.9894,pico_cypr,2008,NA,LUIZ EDUARDO MAGALHÃES,BA
94,0.3,0.06302,pico_cypr,2009,3,ENTRE RIOS,PR
152,0.3,0.00756,cypr,2010,2,SANTO ANTÔNIO DA PATRULHA,RS
210,0.3,2.31392,trif_prot,2013,2,SÃO GABRIEL DO OESTE,MS
35,0.4,1.62375,tebu,2006,2,PATO BRANCO,PR
126,0.4,0.05907,azox_cypr,2009,2,RIO VERDE,GO
152,0.4,0.00756,azox_cypr,2010,2,SANTO ANTÔNIO DA PATRULHA,RS
152,0.4,0.00756,tebu,2010,2,SANTO ANTÔNIO DA PATRULHA,RS
167,0.4,7.9794,azox_cypr,2010,2,CAPÃO DO LEÃO,RS
210,0.4,2.31392,cypr,2013,2,SÃO GABRIEL DO OESTE,MS
18,0.4,1.22196,tebu,2005,2,TAMARANA,PR
152,0.4,0.0076,check,2010,2,SANTO ANTÔNIO DA PATRULHA,RS
126,0.4,0.05907,pyra_metc,2009,2,RIO VERDE,GO
33,0.5,0.0271,check,2006,2,PASSO FUNDO,RS
189,0.5,2.98095,azox_cypr,2011,2,PASSO FUNDO,RS
4,0.5,0.02818,azox_cypr,2005,2,MARACAJÚ,MS
181,0.6,43.46405,pyra_epox,2011,2,CASCAVEL,PR
216,0.6,21.61276,trif_prot,2013,2,PRIMAVERA DO LESTE,MT
212,0.6,0.10999,trif_prot,2013,3,SANTO ANTONIO DE GOIAS,GO
149,0.6,283.93882,pico_cypr,2010,2,LUIZ EDUARDO MAGALHÃES,BA
210,0.6,2.31392,tebu,2013,2,SÃO GABRIEL DO OESTE,MS
19,0.7,0.10394,azox_cypr,2005,2,CANDIDO MOTA,SP
19,0.7,0.10394,tebu,2005,2,CANDIDO MOTA,SP
94,0.7,0.06302,azox_cypr,2009,3,ENTRE RIOS,PR
136,0.7,34.23713,pyra_metc,2009,2,PASSO FUNDO,RS
2,0.7,9.83279,azox_cypr,2005,2,LONDRINA,PR
122,0.7,5.5159,pyra_metc,2009,3,GOIÂNIA,GO
212,0.7,0.10999,azox_cypr,2013,3,SANTO ANTONIO DE GOIAS,GO
50,0.7,2.66533,tebu,2007,2,ALVORADA,TO
16,0.8,15.18289,azox_cypr,2005,2,JABOTICABAL,SP
97,0.8,18.23483,azox_cypr,2009,3,GOIÂNIA,GO
221,0.8,1.88631,trif_prot,2013,3,SENADOR CANEDO,GO
94,0.8,0.06302,pyra_epox,2009,3,ENTRE RIOS,PR
70,0.9,5.52171,pyra_epox,2007,2,ALVORADA,TO
218,0.9,0.76971,trif_prot,2013,2,DOURADOS,MS
179,0.9,6.71692,pico_cypr,2011,2,PEDRA PRETA,MT
179,0.9,6.71692,pyra_epox,2011,2,PEDRA PRETA,MT
218,0.9,0.76971,pico_cypr,2013,2,DOURADOS,MS
221,0.9,1.88631,pico_cypr,2013,3,SENADOR CANEDO,GO
1,1,20.83845,azox_cypr,2005,2,LUIZ EDUARDO MAGALHÃES,BA
183,1,16.55883,trif_prot,2011,2,LONDRINA,PR
212,1,0.10999,pyra_epox,2013,3,SANTO ANTONIO DE GOIAS,GO
179,1.1,6.71692,azox_cypr,2011,2,PEDRA PRETA,MT
221,1.1,1.88631,azox_cypr,2013,3,SENADOR CANEDO,GO
136,1.1,34.23713,trif_prot,2009,2,PASSO FUNDO,RS
163,1.1,4.22077,pyra_epox,2010,2,JATAÍ,GO
136,1.1,34.23713,azox_cypr,2009,2,PASSO FUNDO,RS
1,1.1,20.83845,tebu,2005,2,LUIZ EDUARDO MAGALHÃES,BA
182,1.1,0.48713,trif_prot,2011,2,GUARAPUAVA,PR
159,1.2,44.1573,pico_cypr,2010,NA,GOIÂNIA,GO
212,1.2,0.10999,cypr,2013,3,SANTO ANTONIO DE GOIAS,GO
84,1.3,10.49907,pico_cypr,2008,2,CHAPADÃO DO SUL,MS
84,1.3,10.49907,azox_cypr,2008,2,CHAPADÃO DO SUL,MS
85,1.3,0.0409,check,2008,2,UBERABA,MG
97,1.3,18.23483,pico_cypr,2009,3,GOIÂNIA,GO
117,1.3,3.09707,pyra_metc,2009,2,CHAPADÃO DO SUL,MS
166,1.3,0.18811,pyra_metc,2010,2,ITAARA,RS
167,1.3,7.9794,pyra_metc,2010,2,CAPÃO DO LEÃO,RS
94,1.3,0.06302,tebu,2009,3,ENTRE RIOS,PR
2,1.3,9.83279,tebu,2005,2,LONDRINA,PR
179,1.3,6.71692,trif_prot,2011,2,PEDRA PRETA,MT
212,1.4,0.10999,tebu,2013,3,SANTO ANTONIO DE GOIAS,GO
16,1.4,15.18289,tebu,2005,2,JABOTICABAL,SP
183,1.4,16.55883,pico_cypr,2011,2,LONDRINA,PR
159,1.4,44.1573,azox_cypr,2010,NA,GOIÂNIA,GO
167,1.4,7.9794,cypr,2010,2,CAPÃO DO LEÃO,RS
87,1.4,14.86689,azox_cypr,2008,NA,SÃO DESIDÉRIO,BA
81,1.5,1.45756,tebu,2008,2,LONDRINA,PR
117,1.5,3.09707,azox_cypr,2009,2,CHAPADÃO DO SUL,MS
166,1.5,0.18811,azox_cypr,2010,2,ITAARA,RS
167,1.5,7.9794,pico_cypr,2010,2,CAPÃO DO LEÃO,RS
179,1.5,6.71692,pyra_metc,2011,2,PEDRA PRETA,MT
182,1.5,0.48713,pico_cypr,2011,2,GUARAPUAVA,PR
183,1.5,16.55883,pyra_metc,2011,2,LONDRINA,PR
183,1.5,16.55883,azox_cypr,2011,2,LONDRINA,PR
194,1.5,33.8684,pyra_epox,2012,2,JATAÍ,GO
34,1.5,4.46524,tebu,2006,2,LONDRINA,PR
122,1.5,5.5159,azox_cypr,2009,3,GOIÂNIA,GO
53,1.6,2.10572,tebu,2007,2,DOURADOS,MS
70,1.6,5.52171,azox_cypr,2007,2,ALVORADA,TO
87,1.6,14.86689,pico_cypr,2008,NA,SÃO DESIDÉRIO,BA
116,1.6,1.52843,pyra_metc,2009,2,PONTA PORÃ,MS
158,1.6,7.43021,pico_cypr,2010,NA,SENADOR CANEDO,GO
179,1.6,6.71692,cypr,2011,2,PEDRA PRETA,MT
220,1.6,43.27491,trif_prot,2013,2,CHAPADÃO DO SUL,MS
14,1.6,55.84982,tebu,2005,2,PATO BRANCO,PR
162,1.7,20.24685,pyra_metc,2010,3,ENTRE RIOS,PR
159,1.7,44.1573,pyra_epox,2010,NA,GOIÂNIA,GO
81,1.8,1.45756,azox_cypr,2008,2,LONDRINA,PR
128,1.8,11.68611,azox_cypr,2009,3,UBERABA,MG
163,1.8,4.22077,pico_cypr,2010,2,JATAÍ,GO
163,1.8,4.22077,azox_cypr,2010,2,JATAÍ,GO
53,1.8,2.10572,cypr,2007,2,DOURADOS,MS
125,1.8,2.18833,trif_prot,2009,3,LONDRINA,PR
78,1.9,2.17532,azox_cypr,2008,2,TAMARANA,PR
89,1.9,0.25974,pico_cypr,2009,3,TANGARÁ DA SERRA,MT
89,1.9,0.25974,pyra_epox,2009,3,TANGARÁ DA SERRA,MT
166,1.9,0.18811,pyra_epox,2010,2,ITAARA,RS
14,1.9,55.84982,azox_cypr,2005,2,PATO BRANCO,PR
81,1.9,1.45756,pico_cypr,2008,2,LONDRINA,PR
70,1.9,5.52171,tebu,2007,2,ALVORADA,TO
5,2,7.39678,tebu,2005,2,RONDONÓPOLIS,MT
67,2,20.42879,tebu,2007,2,UBERABA,MG
92,2,76.64312,azox_cypr,2009,2,CHAPADÃO DO SUL,MS
114,2,0.20099,pyra_metc,2009,3,TANGARÁ DA SERRA,MT
119,2,2.8757,trif_prot,2009,3,ENTRE RIOS,PR
182,2,0.48713,pyra_metc,2011,2,GUARAPUAVA,PR
189,2,2.98095,trif_prot,2011,2,PASSO FUNDO,RS
204,2,10.64722,trif_prot,2012,3,SENADOR CANEDO,GO
207,2,0.32639,trif_prot,2012,2,GUARAPUAVA,PR
207,2,0.32639,pyra_epox,2012,2,GUARAPUAVA,PR
221,2,1.88631,azox,2013,3,SENADOR CANEDO,GO
244,2,28.18987,trif_prot,2014,3,CASCAVEL,PR
97,2,18.23483,pyra_epox,2009,3,GOIÂNIA,GO
158,2,7.43021,azox_cypr,2010,NA,SENADOR CANEDO,GO
162,2.1,20.24685,pico_cypr,2010,3,ENTRE RIOS,PR
89,2.1,0.25974,azox_cypr,2009,3,TANGARÁ DA SERRA,MT
128,2.1,11.68611,trif_prot,2009,3,UBERABA,MG
210,2.1,2.31392,azox,2013,2,SÃO GABRIEL DO OESTE,MS
233,2.1,13.58053,trif_prot,2014,3,CHAPADÃO DO SUL,MS
163,2.2,4.22077,pyra_metc,2010,2,JATAÍ,GO
91,2.2,2.56702,pyra_epox,2009,2,PONTA PORÃ,MS
91,2.2,2.56702,azox_cypr,2009,2,PONTA PORÃ,MS
116,2.2,1.52843,azox_cypr,2009,2,PONTA PORÃ,MS
221,2.2,1.88631,pyra_epox,2013,3,SENADOR CANEDO,GO
92,2.3,76.64312,pico_cypr,2009,2,CHAPADÃO DO SUL,MS
189,2.3,2.98095,pyra_metc,2011,2,PASSO FUNDO,RS
189,2.3,2.98095,pico_cypr,2011,2,PASSO FUNDO,RS
231,2.3,0.73264,trif_prot,2013,2,ENTRE RIOS,PR
231,2.3,0.73264,pico_cypr,2013,2,ENTRE RIOS,PR
212,2.3,0.10999,pico_cypr,2013,3,SANTO ANTONIO DE GOIAS,GO
9,2.3,26.14686,azox_cypr,2005,2,CAPÃO BONITO,SP
126,2.3,0.05907,tebu,2009,2,RIO VERDE,GO
218,2.3,0.76971,azox_cypr,2013,2,DOURADOS,MS
70,2.4,5.52171,azox,2007,2,ALVORADA,TO
91,2.4,2.56702,pico_cypr,2009,2,PONTA PORÃ,MS
114,2.5,0.20099,trif_prot,2009,3,TANGARÁ DA SERRA,MT
117,2.5,3.09707,trif_prot,2009,2,CHAPADÃO DO SUL,MS
200,2.5,4.01285,trif_prot,2012,2,LONDRINA,PR
200,2.5,4.01285,pico_cypr,2012,2,LONDRINA,PR
22,2.5,4.64198,tebu,2006,2,MARACAJÚ,MS
78,2.5,2.17532,pico_cypr,2008,2,TAMARANA,PR
149,2.6,283.93882,azox_cypr,2010,2,LUIZ EDUARDO MAGALHÃES,BA
162,2.6,20.24685,pyra_epox,2010,3,ENTRE RIOS,PR
65,2.6,1.31913,azox_cypr,2007,2,GUARAPUAVA,PR
87,2.6,14.86689,tebu,2008,NA,SÃO DESIDÉRIO,BA
90,2.6,3.94954,pico_cypr,2009,3,TANGARÁ DA SERRA,MT
90,2.6,3.94954,azox_cypr,2009,3,TANGARÁ DA SERRA,MT
162,2.6,20.24685,azox_cypr,2010,3,ENTRE RIOS,PR
183,2.6,16.55883,pyra_epox,2011,2,LONDRINA,PR
216,2.6,21.61276,azox_cypr,2013,2,PRIMAVERA DO LESTE,MT
119,2.7,2.8757,azox_cypr,2009,3,ENTRE RIOS,PR
127,2.7,5.48432,trif_prot,2009,2,RIO VERDE,GO
212,2.7,0.10999,azox,2013,3,SANTO ANTONIO DE GOIAS,GO
5,2.8,7.39678,azox_cypr,2005,2,RONDONÓPOLIS,MT
26,2.8,303.11364,cypr,2006,2,UBERABA,MG
161,2.8,10.64645,pico_cypr,2010,2,LONDRINA,PR
189,2.8,2.98095,pyra_epox,2011,2,PASSO FUNDO,RS
200,2.8,4.01285,azox,2012,2,LONDRINA,PR
207,2.8,0.32639,azox_cypr,2012,2,GUARAPUAVA,PR
119,2.8,2.8757,pyra_metc,2009,3,ENTRE RIOS,PR
116,2.8,1.52843,trif_prot,2009,2,PONTA PORÃ,MS
125,2.8,2.18833,azox_cypr,2009,3,LONDRINA,PR
185,2.8,32.22233,trif_prot,2011,2,MAFRA,SC
218,2.9,0.76971,pyra_epox,2013,2,DOURADOS,MS
114,2.9,0.20099,azox_cypr,2009,3,TANGARÁ DA SERRA,MT
80,2.9,3.81511,azox_cypr,2008,2,MARILÂNDIA DO SUL,PR
50,2.9,2.66533,cypr,2007,2,ALVORADA,TO
184,3,24.19623,trif_prot,2011,2,MAFRA,SC
164,3,118.85658,azox_cypr,2010,2,UBERABA,MG
200,3,4.01285,pyra_epox,2012,2,LONDRINA,PR
107,3,16.49676,pico_cypr,2009,2,PLANALTINA,DF
166,3.1,0.18811,pico_cypr,2010,2,ITAARA,RS
78,3.2,2.17532,tebu,2008,2,TAMARANA,PR
153,3.2,11.25348,pico_cypr,2010,3,PASSO FUNDO,RS
80,3.2,3.81511,pico_cypr,2008,2,MARILÂNDIA DO SUL,PR
153,3.2,11.25348,azox_cypr,2010,3,PASSO FUNDO,RS
218,3.2,0.76971,azox,2013,2,DOURADOS,MS
65,3.3,1.31913,pyra_epox,2007,2,GUARAPUAVA,PR
90,3.3,3.94954,pyra_epox,2009,3,TANGARÁ DA SERRA,MT
169,3.3,2.76496,pico_cypr,2010,2,CRUZ ALTA,RS
179,3.3,6.71692,tebu,2011,2,PEDRA PRETA,MT
202,3.3,9.90909,cypr,2012,2,MAFRA,SC
47,3.3,52.53432,tebu,2007,2,UBERABA,MG
137,3.3,16.9716,trif_prot,2009,2,JATAÍ,GO
107,3.4,16.49676,pyra_epox,2009,2,PLANALTINA,DF
103,3.4,27.17641,pico_cypr,2009,3,UBERABA,MG
125,3.4,2.18833,pyra_metc,2009,3,LONDRINA,PR
98,3.5,0.75781,pico_cypr,2009,2,JACIARA,MT
98,3.5,0.75781,azox_cypr,2009,2,JACIARA,MT
98,3.5,0.75781,tebu,2009,2,JACIARA,MT
161,3.5,10.64645,pyra_epox,2010,2,LONDRINA,PR
169,3.5,2.76496,azox_cypr,2010,2,CRUZ ALTA,RS
194,3.5,33.8684,azox_cypr,2012,2,JATAÍ,GO
207,3.5,0.32639,pico_cypr,2012,2,GUARAPUAVA,PR
210,3.5,2.31392,pyra_epox,2013,2,SÃO GABRIEL DO OESTE,MS
210,3.5,2.31392,azox_cypr,2013,2,SÃO GABRIEL DO OESTE,MS
216,3.5,21.61276,cypr,2013,2,PRIMAVERA DO LESTE,MT
235,3.5,15.77622,trif_prot,2014,2,PRIMAVERA DO LESTE,MT
123,3.6,1.45592,azox_cypr,2009,2,JACIARA,MT
161,3.6,10.64645,azox_cypr,2010,2,LONDRINA,PR
98,3.8,0.75781,pyra_epox,2009,2,JACIARA,MT
123,3.8,1.45592,trif_prot,2009,2,JACIARA,MT
186,3.8,31.15238,pyra_epox,2011,2,CAMAQUÃ,RS
194,3.8,33.8684,trif_prot,2012,2,JATAÍ,GO
200,3.8,4.01285,azox_cypr,2012,2,LONDRINA,PR
221,3.8,1.88631,cypr,2013,3,SENADOR CANEDO,GO
34,3.9,4.46524,cypr,2006,2,LONDRINA,PR
221,4,1.88631,tebu,2013,3,SENADOR CANEDO,GO
9,4,26.14686,tebu,2005,2,CAPÃO BONITO,SP
115,4,1.40317,pyra_metc,2009,3,TANGARÁ DA SERRA,MT
128,4,11.68611,pyra_metc,2009,3,UBERABA,MG
186,4,31.15238,pyra_metc,2011,2,CAMAQUÃ,RS
216,4,21.61276,pico_cypr,2013,2,PRIMAVERA DO LESTE,MT
231,4,0.73264,pyra_epox,2013,2,ENTRE RIOS,PR
231,4,0.73264,azox_cypr,2013,2,ENTRE RIOS,PR
88,4,69.9894,tebu,2008,NA,LUIZ EDUARDO MAGALHÃES,BA
218,4.1,0.76971,cypr,2013,2,DOURADOS,MS
100,4.1,20.54338,azox_cypr,2009,3,LONDRINA,PR
182,4.1,0.48713,azox_cypr,2011,2,GUARAPUAVA,PR
123,4.2,1.45592,tebu,2009,2,JACIARA,MT
54,4.2,39.3165,tebu,2007,2,LUIZ EDUARDO MAGALHÃES,BA
36,4.3,8.95266,tebu,2006,2,CHAPADÃO DO SUL,MS
93,4.3,7.72906,azox_cypr,2009,3,CHAPADÃO DO SUL,MS
103,4.3,27.17641,pyra_epox,2009,3,UBERABA,MG
186,4.3,31.15238,azox_cypr,2011,2,CAMAQUÃ,RS
224,4.3,40.83477,azox_cypr,2013,2,JATAÍ,GO
182,4.4,0.48713,pyra_epox,2011,2,GUARAPUAVA,PR
148,4.4,4.23162,pyra_epox,2010,2,DOURADOS,MS
88,4.5,69.9894,azox_cypr,2008,NA,LUIZ EDUARDO MAGALHÃES,BA
67,4.5,20.42879,azox_cypr,2007,2,UBERABA,MG
123,4.5,1.45592,pyra_metc,2009,2,JACIARA,MT
185,4.5,32.22233,pyra_metc,2011,2,MAFRA,SC
186,4.5,31.15238,pico_cypr,2011,2,CAMAQUÃ,RS
204,4.5,10.64722,pico_cypr,2012,3,SENADOR CANEDO,GO
249,4.5,1.22953,pico_cypr,2014,2,BRASÍLIA,DF
166,4.5,0.18811,cypr,2010,2,ITAARA,RS
148,4.6,4.23162,pyra_metc,2010,2,DOURADOS,MS
100,4.6,20.54338,pico_cypr,2009,3,LONDRINA,PR
111,4.6,27.74609,azox_cypr,2009,2,JATAÍ,GO
168,4.6,16.11492,azox_cypr,2010,2,LONDRINA,PR
75,4.7,26.4184,azox_cypr,2007,2,LUIZ EDUARDO MAGALHÃES,BA
158,4.7,7.43021,pyra_metc,2010,NA,SENADOR CANEDO,GO
92,4.8,76.64312,pyra_epox,2009,2,CHAPADÃO DO SUL,MS
93,4.8,7.72906,pyra_epox,2009,3,CHAPADÃO DO SUL,MS
148,4.8,4.23162,azox_cypr,2010,2,DOURADOS,MS
202,4.8,9.90909,azox,2012,2,MAFRA,SC
204,4.8,10.64722,azox_cypr,2012,3,SENADOR CANEDO,GO
205,4.8,0.62674,trif_prot,2012,2,ITAARA,RS
11,4.8,1.91512,tebu,2005,2,CHAPADÃO DO SUL,MS
185,4.9,32.22233,pyra_epox,2011,2,MAFRA,SC
246,4.9,27.60144,trif_prot,2014,2,LONDRINA,PR
115,4.9,1.40317,trif_prot,2009,3,TANGARÁ DA SERRA,MT
149,5,283.93882,cypr,2010,2,LUIZ EDUARDO MAGALHÃES,BA
4,5,0.0282,check,2005,2,MARACAJÚ,MS
117,5,3.09707,tebu,2009,2,CHAPADÃO DO SUL,MS
129,5,5.01111,trif_prot,2009,2,CAMPO VERDE,MT
205,5,0.62674,pico_cypr,2012,2,ITAARA,RS
205,5,0.62674,pyra_epox,2012,2,ITAARA,RS
124,5.1,14.34246,trif_prot,2009,NA,BRASNORTE,MT
144,5.2,43.60284,pyra_metc,2010,2,MAFRA,SC
101,5.2,6.63221,pico_cypr,2009,2,RIO VERDE,GO
205,5.3,0.62674,azox_cypr,2012,2,ITAARA,RS
149,5.3,283.93882,tebu,2010,2,LUIZ EDUARDO MAGALHÃES,BA
11,5.4,1.91512,azox_cypr,2005,2,CHAPADÃO DO SUL,MS
166,5.4,0.18811,tebu,2010,2,ITAARA,RS
185,5.4,32.22233,pico_cypr,2011,2,MAFRA,SC
39,5.4,20.14764,tebu,2007,2,TAMARANA,PR
144,5.5,43.60284,azox_cypr,2010,2,MAFRA,SC
111,5.5,27.74609,pico_cypr,2009,2,JATAÍ,GO
65,5.5,1.31913,tebu,2007,2,GUARAPUAVA,PR
210,5.5,2.3139,check,2013,2,SÃO GABRIEL DO OESTE,MS
251,5.5,0.45,trif_prot,2014,2,PALMEIRA,PR
251,5.5,0.45,pyra_metc,2014,2,PALMEIRA,PR
251,5.5,0.45,azox_cypr,2014,2,PALMEIRA,PR
168,5.6,16.11492,pyra_epox,2010,2,LONDRINA,PR
111,5.7,27.74609,pyra_epox,2009,2,JATAÍ,GO
149,5.7,283.93882,pyra_metc,2010,2,LUIZ EDUARDO MAGALHÃES,BA
218,5.7,0.76971,tebu,2013,2,DOURADOS,MS
181,5.7,43.46405,pyra_metc,2011,2,CASCAVEL,PR
24,5.7,14.60036,tebu,2006,2,CASCAVEL,PR
83,5.8,6.93658,azox_cypr,2008,NA,DOURADOS,MS
194,5.8,33.8684,pico_cypr,2012,2,JATAÍ,GO
218,5.8,0.7697,check,2013,2,DOURADOS,MS
251,5.8,0.45,pyra_epox,2014,2,PALMEIRA,PR
101,5.8,6.63221,pyra_epox,2009,2,RIO VERDE,GO
154,5.8,9.61924,azox_cypr,2010,2,SENADOR CANEDO,GO
101,5.9,6.63221,azox_cypr,2009,2,RIO VERDE,GO
83,5.9,6.93658,pico_cypr,2008,NA,DOURADOS,MS
224,5.9,40.83477,trif_prot,2013,2,JATAÍ,GO
10,6,8.57645,tebu,2005,2,RIACHÃO,MA
93,6,7.72906,pico_cypr,2009,3,CHAPADÃO DO SUL,MS
104,6,12.08496,azox_cypr,2009,2,CAMPO VERDE,MT
120,6,4.79048,trif_prot,2009,2,LUCAS DO RIO VERDE,MT
120,6,4.79048,azox_cypr,2009,2,LUCAS DO RIO VERDE,MT
129,6,5.01111,azox_cypr,2009,2,CAMPO VERDE,MT
130,6,0.0983,check,2009,2,RONDONÓPOLIS,MT
158,6,7.43021,pyra_epox,2010,NA,SENADOR CANEDO,GO
194,6,33.8684,azox,2012,2,JATAÍ,GO
107,6.2,16.49676,azox_cypr,2009,2,PLANALTINA,DF
132,6.2,28.07652,azox_cypr,2009,2,PLANALTINA,DF
161,6.2,10.64645,pyra_metc,2010,2,LONDRINA,PR
137,6.2,16.9716,azox_cypr,2009,2,JATAÍ,GO
13,6.3,28.05183,azox_cypr,2005,2,PAULÍNIA,SP
91,6.3,2.56702,tebu,2009,2,PONTA PORÃ,MS
139,6.3,16.4881,trif_prot,2009,2,PAULÍNIA,SP
186,6.3,31.15238,trif_prot,2011,2,CAMAQUÃ,RS
243,6.3,5.36272,trif_prot,2014,3,SENADOR CANEDO,GO
244,6.3,28.18987,azox_cypr,2014,3,CASCAVEL,PR
251,6.3,0.45,pico_cypr,2014,2,PALMEIRA,PR
58,6.3,6.75534,tebu,2007,2,TAMARANA,PR
219,6.3,10.11219,pyra_epox,2013,3,LONDRINA,PR
228,6.3,1.78622,trif_prot,2013,3,PLANALTINA,DF
155,6.4,20.42122,pyra_epox,2010,2,LONDRINA,PR
116,6.5,1.52843,tebu,2009,2,PONTA PORÃ,MS
206,6.5,0.93333,trif_prot,2012,2,PLANALTINA,DF
153,6.5,11.25348,pyra_metc,2010,3,PASSO FUNDO,RS
219,6.6,10.11219,pico_cypr,2013,3,LONDRINA,PR
167,6.6,7.9794,tebu,2010,2,CAPÃO DO LEÃO,RS
145,6.7,25.53655,pyra_epox,2010,2,CHAPADÃO DO SUL,MS
144,6.7,43.60284,pyra_epox,2010,2,MAFRA,SC
231,6.8,0.73264,cypr,2013,2,ENTRE RIOS,PR
137,6.8,16.9716,pyra_metc,2009,2,JATAÍ,GO
93,6.8,7.72906,tebu,2009,3,CHAPADÃO DO SUL,MS
131,6.9,11.28952,trif_prot,2009,3,LONDRINA,PR
148,6.9,4.23162,pico_cypr,2010,2,DOURADOS,MS
17,6.9,15.08667,azox_cypr,2005,2,RIO VERDE,GO
139,6.9,16.4881,pyra_metc,2009,2,PAULÍNIA,SP
58,6.9,6.75534,azox_cypr,2007,2,TAMARANA,PR
228,7,1.78622,pico_cypr,2013,3,PLANALTINA,DF
58,7,6.75534,pyra_epox,2007,2,TAMARANA,PR
71,7,44.67594,azox_cypr,2007,2,CHAPADÃO DO SUL,MS
169,7,2.76496,pyra_metc,2010,2,CRUZ ALTA,RS
186,7,31.15238,cypr,2011,2,CAMAQUÃ,RS
249,7,1.22953,trif_prot,2014,2,BRASÍLIA,DF
212,7.1,0.11,check,2013,3,SANTO ANTONIO DE GOIAS,GO
224,7.1,40.83477,pyra_epox,2013,2,JATAÍ,GO
115,7.1,1.40317,azox_cypr,2009,3,TANGARÁ DA SERRA,MT
169,7.3,2.76496,pyra_epox,2010,2,CRUZ ALTA,RS
178,7.3,1.06754,trif_prot,2011,2,DECIOLÂNDIA,MT
189,7.3,2.98095,cypr,2011,2,PASSO FUNDO,RS
224,7.3,40.83477,azox,2013,2,JATAÍ,GO
229,7.3,4.42391,pico_cypr,2013,2,PASSO FUNDO,RS
57,7.3,10.24555,tebu,2007,2,PATO BRANCO,PR
154,7.3,9.61924,pico_cypr,2010,2,SENADOR CANEDO,GO
233,7.3,13.58053,pyra_metc,2014,3,CHAPADÃO DO SUL,MS
29,7.4,15.58143,tebu,2006,2,GOIÂNIA,GO
155,7.5,20.42122,azox_cypr,2010,2,LONDRINA,PR
167,7.5,7.9794,check,2010,2,CAPÃO DO LEÃO,RS
187,7.5,2.65794,azox_cypr,2011,2,CRUZ ALTA,RS
202,7.5,9.90909,azox_cypr,2012,2,MAFRA,SC
148,7.7,4.23162,tebu,2010,2,DOURADOS,MS
10,7.7,8.57645,azox_cypr,2005,2,RIACHÃO,MA
89,7.7,0.25974,tebu,2009,3,TANGARÁ DA SERRA,MT
213,7.7,3.66927,trif_prot,2013,2,SANTO ANTONIO DE GOIAS,GO
105,7.8,0.1537,check,2009,2,RONDONÓPOLIS,MT
219,7.8,10.11219,azox,2013,3,LONDRINA,PR
6,7.8,37.79475,tebu,2005,2,GOIÂNIA,GO
155,7.8,20.42122,pyra_metc,2010,2,LONDRINA,PR
173,7.8,3.75288,trif_prot,2011,2,RIO VERDE,GO
8,7.8,0.3448,check,2005,2,GUARAPUAVA,PR
153,7.9,11.25348,pyra_epox,2010,3,PASSO FUNDO,RS
191,7.9,55.33878,pyra_metc,2011,2,LONDRINA,PR
223,7.9,71.92403,azox_cypr,2013,2,LONDRINA,PR
154,7.9,9.61924,pyra_epox,2010,2,SENADOR CANEDO,GO
59,8,9.70913,azox_cypr,2007,2,LONDRINA,PR
118,8,37.49762,trif_prot,2009,3,CHAPADÃO DO SUL,MS
142,8,1.5844,pyra_epox,2010,3,DIAMANTINO,MT
144,8,43.60284,pico_cypr,2010,2,MAFRA,SC
187,8,2.65794,trif_prot,2011,2,CRUZ ALTA,RS
75,8.1,26.4184,pyra_epox,2007,2,LUIZ EDUARDO MAGALHÃES,BA
173,8.1,3.75288,pyra_epox,2011,2,RIO VERDE,GO
228,8.1,1.78622,pyra_epox,2013,3,PLANALTINA,DF
213,8.2,3.66927,pyra_epox,2013,2,SANTO ANTONIO DE GOIAS,GO
205,8.3,0.62674,azox,2012,2,ITAARA,RS
232,8.3,2.4556,tebu,2014,3,CAPÃO BONITO,SP
146,8.3,23.78373,pyra_epox,2010,3,CHAPADÃO DO SUL,MS
65,8.4,1.31913,azox,2007,2,GUARAPUAVA,PR
114,8.4,0.20099,tebu,2009,3,TANGARÁ DA SERRA,MT
240,8.4,1.08662,trif_prot,2014,3,DECIOLÂNDIA,MT
246,8.4,27.60144,pico_cypr,2014,2,LONDRINA,PR
82,8.5,44.25989,azox_cypr,2008,2,PASSO FUNDO,RS
104,8.5,12.08496,pico_cypr,2009,2,CAMPO VERDE,MT
118,8.5,37.49762,azox_cypr,2009,3,CHAPADÃO DO SUL,MS
168,8.5,16.11492,pyra_metc,2010,2,LONDRINA,PR
224,8.5,40.83477,pico_cypr,2013,2,JATAÍ,GO
235,8.5,15.77622,pico_cypr,2014,2,PRIMAVERA DO LESTE,MT
184,8.5,24.19623,azox_cypr,2011,2,MAFRA,SC
155,8.6,20.42122,pico_cypr,2010,2,LONDRINA,PR
15,8.8,20.62652,azox_cypr,2005,2,BRASÍLIA,DF
38,8.8,44.55256,tebu,2006,2,IPAMERI,GO
67,8.8,20.42879,pyra_epox,2007,2,UBERABA,MG
77,8.8,31.70614,azox_cypr,2007,2,PATO BRANCO,PR
129,8.8,5.01111,pyra_metc,2009,2,CAMPO VERDE,MT
146,8.8,23.78373,pyra_metc,2010,3,CHAPADÃO DO SUL,MS
194,8.8,33.8684,cypr,2012,2,JATAÍ,GO
232,8.8,2.4556,cypr,2014,3,CAPÃO BONITO,SP
233,8.8,13.58053,pico_cypr,2014,3,CHAPADÃO DO SUL,MS
173,8.8,3.75288,pyra_metc,2011,2,RIO VERDE,GO
56,8.8,10.16442,tebu,2007,2,GUARAPUAVA,PR
219,8.9,10.11219,trif_prot,2013,3,LONDRINA,PR
156,8.9,14.76843,pyra_metc,2010,3,LONDRINA,PR
219,8.9,10.11219,azox_cypr,2013,3,LONDRINA,PR
54,8.9,39.3165,cypr,2007,2,LUIZ EDUARDO MAGALHÃES,BA
98,9,0.7578,check,2009,2,JACIARA,MT
173,9,3.75288,pico_cypr,2011,2,RIO VERDE,GO
191,9,55.33878,pyra_epox,2011,2,LONDRINA,PR
204,9,10.64722,pyra_epox,2012,3,SENADOR CANEDO,GO
206,9,0.93333,pico_cypr,2012,2,PLANALTINA,DF
206,9,0.93333,azox_cypr,2012,2,PLANALTINA,DF
232,9,2.4556,azox,2014,3,CAPÃO BONITO,SP
159,9,44.1573,pyra_metc,2010,NA,GOIÂNIA,GO
181,9.1,43.46405,pico_cypr,2011,2,CASCAVEL,PR
156,9.1,14.76843,pico_cypr,2010,3,LONDRINA,PR
181,9.1,43.46405,trif_prot,2011,2,CASCAVEL,PR
184,9.1,24.19623,pico_cypr,2011,2,MAFRA,SC
59,9.2,9.70913,tebu,2007,2,LONDRINA,PR
148,9.2,4.23162,cypr,2010,2,DOURADOS,MS
246,9.2,27.60144,azox_cypr,2014,2,LONDRINA,PR
22,9.2,4.64198,cypr,2006,2,MARACAJÚ,MS
36,9.2,8.95266,cypr,2006,2,CHAPADÃO DO SUL,MS
228,9.2,1.78622,azox_cypr,2013,3,PLANALTINA,DF
246,9.2,27.60144,pyra_epox,2014,2,LONDRINA,PR
124,9.3,14.34246,azox_cypr,2009,NA,BRASNORTE,MT
134,9.3,1.50873,pyra_metc,2009,NA,SANTA MARIA,RS
186,9.3,31.15238,tebu,2011,2,CAMAQUÃ,RS
249,9.3,1.22953,azox_cypr,2014,2,BRASÍLIA,DF
213,9.3,3.66927,azox_cypr,2013,2,SANTO ANTONIO DE GOIAS,GO
13,9.4,28.05183,tebu,2005,2,PAULÍNIA,SP
100,9.4,20.54338,pyra_epox,2009,3,LONDRINA,PR
139,9.4,16.4881,azox_cypr,2009,2,PAULÍNIA,SP
184,9.4,24.19623,pyra_metc,2011,2,MAFRA,SC
77,9.4,31.70614,tebu,2007,2,PATO BRANCO,PR
30,9.4,4.59517,tebu,2006,2,SENADOR CANEDO,GO
191,9.5,55.33878,trif_prot,2011,2,LONDRINA,PR
208,9.5,11.25278,trif_prot,2012,2,PALMEIRA,PR
232,9.5,2.4556,azox_cypr,2014,3,CAPÃO BONITO,SP
244,9.5,28.18987,cypr,2014,3,CASCAVEL,PR
7,9.6,6.4116,check,2005,2,IPAMERI,GO
53,9.7,2.1057,check,2007,2,DOURADOS,MS
127,9.8,5.48432,azox_cypr,2009,2,RIO VERDE,GO
91,9.8,2.567,check,2009,2,PONTA PORÃ,MS
229,9.9,4.42391,azox_cypr,2013,2,PASSO FUNDO,RS
131,10,11.28952,pyra_metc,2009,3,LONDRINA,PR
142,10,1.5844,pico_cypr,2010,3,DIAMANTINO,MT
178,10,1.06754,azox_cypr,2011,2,DECIOLÂNDIA,MT
208,10,11.25278,cypr,2012,2,PALMEIRA,PR
56,10.1,10.16442,cypr,2007,2,GUARAPUAVA,PR
246,10.1,27.60144,pyra_metc,2014,2,LONDRINA,PR
185,10.1,32.22233,azox_cypr,2011,2,MAFRA,SC
220,10.1,43.27491,azox_cypr,2013,2,CHAPADÃO DO SUL,MS
223,10.2,71.92403,pyra_epox,2013,2,LONDRINA,PR
40,10.2,40.76914,tebu,2007,2,LONDRINA,PR
17,10.2,15.08667,tebu,2005,2,RIO VERDE,GO
103,10.3,27.17641,azox_cypr,2009,3,UBERABA,MG
128,10.3,11.68611,tebu,2009,3,UBERABA,MG
205,10.3,0.62674,cypr,2012,2,ITAARA,RS
184,10.3,24.19623,pyra_epox,2011,2,MAFRA,SC
168,10.4,16.11492,pico_cypr,2010,2,LONDRINA,PR
58,10.4,6.75534,azox,2007,2,TAMARANA,PR
77,10.5,31.70614,pyra_epox,2007,2,PATO BRANCO,PR
86,10.5,13.95273,pico_cypr,2008,NA,GOIÂNIA,GO
30,10.5,4.59517,cypr,2006,2,SENADOR CANEDO,GO
38,10.5,44.55256,cypr,2006,2,IPAMERI,GO
82,10.5,44.25989,tebu,2008,2,PASSO FUNDO,RS
116,10.5,1.5284,check,2009,2,PONTA PORÃ,MS
142,10.5,1.5844,azox_cypr,2010,3,DIAMANTINO,MT
178,10.5,1.06754,pico_cypr,2011,2,DECIOLÂNDIA,MT
187,10.5,2.65794,pyra_epox,2011,2,CRUZ ALTA,RS
229,10.5,4.42391,trif_prot,2013,2,PASSO FUNDO,RS
232,10.5,2.4556,pyra_metc,2014,3,CAPÃO BONITO,SP
57,10.7,10.24555,cypr,2007,2,PATO BRANCO,PR
106,10.7,27.16694,azox_cypr,2009,3,LONDRINA,PR
99,10.8,7.74542,pico_cypr,2009,NA,BRASNORTE,MT
146,10.8,23.78373,pico_cypr,2010,3,CHAPADÃO DO SUL,MS
147,10.8,8.93935,pico_cypr,2010,3,CASCAVEL,PR
178,10.8,1.06754,pyra_metc,2011,2,DECIOLÂNDIA,MT
213,10.8,3.66927,pico_cypr,2013,2,SANTO ANTONIO DE GOIAS,GO
173,10.9,3.75288,azox_cypr,2011,2,RIO VERDE,GO
220,10.9,43.27491,pico_cypr,2013,2,CHAPADÃO DO SUL,MS
106,10.9,27.16694,pico_cypr,2009,3,LONDRINA,PR
111,10.9,27.74609,tebu,2009,2,JATAÍ,GO
76,11,14.94828,tebu,2007,2,RIACHÃO,MA
187,11,2.65794,pyra_metc,2011,2,CRUZ ALTA,RS
206,11,0.93333,pyra_epox,2012,2,PLANALTINA,DF
231,11,0.73264,azox,2013,2,ENTRE RIOS,PR
232,11,2.4556,pyra_epox,2014,3,CAPÃO BONITO,SP
86,11,13.95273,azox_cypr,2008,NA,GOIÂNIA,GO
39,11.1,20.14764,cypr,2007,2,TAMARANA,PR
223,11.2,71.92403,trif_prot,2013,2,LONDRINA,PR
29,11.3,15.58143,cypr,2006,2,GOIÂNIA,GO
47,11.3,52.53432,cypr,2007,2,UBERABA,MG
232,11.3,2.4556,trif_prot,2014,3,CAPÃO BONITO,SP
181,11.3,43.46405,azox_cypr,2011,2,CASCAVEL,PR
99,11.4,7.74542,pyra_epox,2009,NA,BRASNORTE,MT
132,11.4,28.07652,tebu,2009,2,PLANALTINA,DF
137,11.4,16.9716,tebu,2009,2,JATAÍ,GO
208,11.5,11.25278,azox_cypr,2012,2,PALMEIRA,PR
244,11.5,28.18987,azox,2014,3,CASCAVEL,PR
162,11.7,20.24685,cypr,2010,3,ENTRE RIOS,PR
216,11.8,21.61276,tebu,2013,2,PRIMAVERA DO LESTE,MT
244,11.8,28.18987,tebu,2014,3,CASCAVEL,PR
251,11.8,0.45,tebu,2014,2,PALMEIRA,PR
6,11.8,37.79475,azox_cypr,2005,2,GOIÂNIA,GO
37,11.9,519.11825,tebu,2006,2,COSTA RICA,MS
154,11.9,9.61924,pyra_metc,2010,2,SENADOR CANEDO,GO
223,12,71.92403,pico_cypr,2013,2,LONDRINA,PR
156,12,14.76843,azox_cypr,2010,3,LONDRINA,PR
178,12,1.06754,pyra_epox,2011,2,DECIOLÂNDIA,MT
227,12,25.03053,trif_prot,2013,3,ITAARA,RS
27,12,32.56216,tebu,2006,2,LUIZ EDUARDO MAGALHÃES,BA
131,12.1,11.28952,azox_cypr,2009,3,LONDRINA,PR
148,12.1,4.2316,check,2010,2,DOURADOS,MS
114,12.3,0.201,check,2009,3,TANGARÁ DA SERRA,MT
205,12.3,0.62674,tebu,2012,2,ITAARA,RS
232,12.3,2.4556,pico_cypr,2014,3,CAPÃO BONITO,SP
99,12.4,7.74542,azox_cypr,2009,NA,BRASNORTE,MT
67,12.5,20.42879,azox,2007,2,UBERABA,MG
89,12.5,0.2597,check,2009,3,TANGARÁ DA SERRA,MT
187,12.5,2.65794,pico_cypr,2011,2,CRUZ ALTA,RS
216,12.5,21.61276,pyra_epox,2013,2,PRIMAVERA DO LESTE,MT
149,12.6,283.93882,pyra_epox,2010,2,LUIZ EDUARDO MAGALHÃES,BA
103,12.6,27.17641,tebu,2009,3,UBERABA,MG
242,12.6,9.05476,trif_prot,2014,NA,SANTO ANTONIO DE GOIAS,GO
233,12.6,13.58053,azox_cypr,2014,3,CHAPADÃO DO SUL,MS
224,12.7,40.83477,cypr,2013,2,JATAÍ,GO
231,12.8,0.73264,tebu,2013,2,ENTRE RIOS,PR
246,12.8,27.60144,tebu,2014,2,LONDRINA,PR
246,12.8,27.60144,azox,2014,2,LONDRINA,PR
35,12.9,1.6237,check,2006,2,PATO BRANCO,PR
249,13,1.22953,cypr,2014,2,BRASÍLIA,DF
68,13,14.30184,azox_cypr,2007,2,SENADOR CANEDO,GO
147,13.3,8.93935,pyra_metc,2010,3,CASCAVEL,PR
202,13.3,9.90909,pico_cypr,2012,2,MAFRA,SC
227,13.3,25.03053,pico_cypr,2013,3,ITAARA,RS
225,13.3,31.76616,pico_cypr,2013,3,PALMEIRA,PR
156,13.4,14.76843,pyra_epox,2010,3,LONDRINA,PR
168,13.5,16.11492,tebu,2010,2,LONDRINA,PR
208,13.5,11.25278,pico_cypr,2012,2,PALMEIRA,PR
101,13.7,6.63221,tebu,2009,2,RIO VERDE,GO
84,13.8,10.49907,tebu,2008,2,CHAPADÃO DO SUL,MS
106,13.8,27.16694,pyra_epox,2009,3,LONDRINA,PR
209,13.8,7.56114,azox,2013,2,CAPÃO BONITO,SP
209,13.8,7.56114,trif_prot,2013,2,CAPÃO BONITO,SP
209,13.8,7.56114,cypr,2013,2,CAPÃO BONITO,SP
216,13.8,21.61276,azox,2013,2,PRIMAVERA DO LESTE,MT
188,13.9,29.87248,trif_prot,2011,2,PASSO FUNDO,RS
124,13.9,14.34246,pyra_metc,2009,NA,BRASNORTE,MT
146,13.9,23.78373,azox_cypr,2010,3,CHAPADÃO DO SUL,MS
108,14,7.40093,azox_cypr,2009,2,SANTA MARIA,RS
120,14,4.79048,pyra_metc,2009,2,LUCAS DO RIO VERDE,MT
228,14,1.78622,azox,2013,3,PLANALTINA,DF
165,14.1,12.79339,pico_cypr,2010,2,IRACEMÁPOLIS,SP
119,14.1,2.8757,tebu,2009,3,ENTRE RIOS,PR
225,14.2,31.76616,pyra_epox,2013,3,PALMEIRA,PR
108,14.3,7.40093,pyra_epox,2009,2,SANTA MARIA,RS
200,14.3,4.01285,cypr,2012,2,LONDRINA,PR
201,14.3,25.4434,pico_cypr,2012,2,CAPÃO BONITO,SP
239,14.3,12.04741,trif_prot,2014,2,PRIMAVERA DO LESTE,MT
82,14.4,44.25989,pico_cypr,2008,2,PASSO FUNDO,RS
108,14.5,7.40093,pico_cypr,2009,2,SANTA MARIA,RS
204,14.5,10.64722,azox,2012,3,SENADOR CANEDO,GO
208,14.5,11.25278,pyra_epox,2012,2,PALMEIRA,PR
249,14.5,1.22953,pyra_epox,2014,2,BRASÍLIA,DF
225,14.5,31.76616,trif_prot,2013,3,PALMEIRA,PR
213,14.6,3.66927,cypr,2013,2,SANTO ANTONIO DE GOIAS,GO
191,14.8,55.33878,azox_cypr,2011,2,LONDRINA,PR
194,14.8,33.8684,tebu,2012,2,JATAÍ,GO
147,14.8,8.93935,pyra_epox,2010,3,CASCAVEL,PR
213,14.9,3.66927,azox,2013,2,SANTO ANTONIO DE GOIAS,GO
57,14.9,10.2455,check,2007,2,PATO BRANCO,PR
213,14.9,3.66927,tebu,2013,2,SANTO ANTONIO DE GOIAS,GO
147,15,8.93935,azox_cypr,2010,3,CASCAVEL,PR
208,15,11.25278,azox,2012,2,PALMEIRA,PR
209,15,7.56114,pyra_epox,2013,2,CAPÃO BONITO,SP
209,15,7.56114,azox_cypr,2013,2,CAPÃO BONITO,SP
209,15,7.56114,tebu,2013,2,CAPÃO BONITO,SP
249,15,1.22953,azox,2014,2,BRASÍLIA,DF
69,15.2,26.3444,tebu,2007,2,GOIÂNIA,GO
127,15.2,5.48432,pyra_metc,2009,2,RIO VERDE,GO
168,15.3,16.11492,cypr,2010,2,LONDRINA,PR
219,15.3,10.11219,tebu,2013,3,LONDRINA,PR
225,15.3,31.76616,azox_cypr,2013,3,PALMEIRA,PR
220,15.5,43.27491,pyra_epox,2013,2,CHAPADÃO DO SUL,MS
224,15.7,40.83477,tebu,2013,2,JATAÍ,GO
83,15.7,6.9366,check,2008,NA,DOURADOS,MS
142,15.8,1.5844,pyra_metc,2010,3,DIAMANTINO,MT
208,15.8,11.25278,tebu,2012,2,PALMEIRA,PR
225,15.8,31.76616,cypr,2013,3,PALMEIRA,PR
229,15.8,4.42391,azox,2013,2,PASSO FUNDO,RS
83,15.8,6.93658,tebu,2008,NA,DOURADOS,MS
165,15.8,12.79339,pyra_metc,2010,2,IRACEMÁPOLIS,SP
107,15.9,16.49676,tebu,2009,2,PLANALTINA,DF
191,16,55.33878,pico_cypr,2011,2,LONDRINA,PR
197,16,2.41944,trif_prot,2012,3,DECIOLÂNDIA,MT
206,16,0.93333,azox,2012,2,PLANALTINA,DF
249,16,1.22953,pyra_metc,2014,2,BRASÍLIA,DF
49,16.2,38.89591,tebu,2007,2,GOIÂNIA,GO
15,16.2,20.62652,tebu,2005,2,BRASÍLIA,DF
150,16.3,12.41987,pyra_epox,2010,2,SERRA PETROVINA,MT
186,16.3,31.1524,check,2011,2,CAMAQUÃ,RS
198,16.3,9.63507,trif_prot,2012,2,PLANALTINA,DF
232,16.3,2.4556,check,2014,3,CAPÃO BONITO,SP
24,16.4,14.60036,cypr,2006,2,CASCAVEL,PR
229,16.5,4.42391,pyra_epox,2013,2,PASSO FUNDO,RS
169,16.5,2.76496,cypr,2010,2,CRUZ ALTA,RS
174,16.7,37.16914,azox_cypr,2011,2,SENADOR CANEDO,GO
132,16.7,28.07652,pyra_metc,2009,2,PLANALTINA,DF
227,16.8,25.03053,pyra_epox,2013,3,ITAARA,RS
77,16.9,31.70614,azox,2007,2,PATO BRANCO,PR
139,16.9,16.4881,tebu,2009,2,PAULÍNIA,SP
32,17,8.88889,tebu,2006,2,PAULÍNIA,SP
204,17,10.64722,cypr,2012,3,SENADOR CANEDO,GO
239,17,12.04741,pyra_metc,2014,2,PRIMAVERA DO LESTE,MT
69,17.2,26.3444,azox_cypr,2007,2,GOIÂNIA,GO
74,17.3,69.31855,azox_cypr,2007,2,DOURADOS,MS
145,17.3,25.53655,pico_cypr,2010,2,CHAPADÃO DO SUL,MS
188,17.3,29.87248,pyra_metc,2011,2,PASSO FUNDO,RS
246,17.5,27.60144,cypr,2014,2,LONDRINA,PR
23,17.5,8.68056,cypr,2006,NA,GUARAPUAVA,PR
63,17.5,48.03922,azox_cypr,2007,2,SÃO GABRIEL DO OESTE,MS
227,17.5,25.03053,azox_cypr,2013,3,ITAARA,RS
239,17.5,12.04741,pico_cypr,2014,2,PRIMAVERA DO LESTE,MT
165,17.5,12.79339,pyra_epox,2010,2,IRACEMÁPOLIS,SP
136,17.6,34.23713,tebu,2009,2,PASSO FUNDO,RS
123,17.6,1.4559,check,2009,2,JACIARA,MT
132,17.7,28.07652,trif_prot,2009,2,PLANALTINA,DF
19,17.7,0.1039,check,2005,2,CANDIDO MOTA,SP
131,17.7,11.28952,tebu,2009,3,LONDRINA,PR
134,17.8,1.50873,tebu,2009,NA,SANTA MARIA,RS
202,17.8,9.90909,tebu,2012,2,MAFRA,SC
225,17.8,31.76616,azox,2013,3,PALMEIRA,PR
219,17.9,10.11219,cypr,2013,3,LONDRINA,PR
164,18,118.85658,cypr,2010,2,UBERABA,MG
201,18,25.4434,pyra_epox,2012,2,CAPÃO BONITO,SP
233,18,13.58053,cypr,2014,3,CHAPADÃO DO SUL,MS
238,18,1.87802,trif_prot,2014,3,RIO VERDE,GO
249,18,1.22953,tebu,2014,2,BRASÍLIA,DF
225,18,31.76616,tebu,2013,3,PALMEIRA,PR
23,18.1,8.68056,tebu,2006,NA,GUARAPUAVA,PR
239,18.3,12.04741,pyra_epox,2014,2,PRIMAVERA DO LESTE,MT
239,18.3,12.04741,azox_cypr,2014,2,PRIMAVERA DO LESTE,MT
154,18.4,9.61924,cypr,2010,2,SENADOR CANEDO,GO
233,18.4,13.58053,pyra_epox,2014,3,CHAPADÃO DO SUL,MS
165,18.5,12.79339,azox_cypr,2010,2,IRACEMÁPOLIS,SP
157,18.5,3.07658,pyra_metc,2010,2,CAPÃO BONITO,SP
228,18.5,1.78622,cypr,2013,3,PLANALTINA,DF
188,18.7,29.87248,azox_cypr,2011,2,PASSO FUNDO,RS
129,18.8,5.01111,tebu,2009,2,CAMPO VERDE,MT
207,18.8,0.32639,azox,2012,2,GUARAPUAVA,PR
235,18.8,15.77622,cypr,2014,2,PRIMAVERA DO LESTE,MT
74,18.9,69.31855,tebu,2007,2,DOURADOS,MS
174,19,37.16914,pyra_epox,2011,2,SENADOR CANEDO,GO
241,19.1,15.68549,trif_prot,2014,2,SANTO ANTONIO DE GOIAS,GO
233,19.1,13.58053,tebu,2014,3,CHAPADÃO DO SUL,MS
59,19.2,9.70913,pyra_epox,2007,2,LONDRINA,PR
189,19.3,2.98095,tebu,2011,2,PASSO FUNDO,RS
125,19.4,2.18833,tebu,2009,3,LONDRINA,PR
106,19.6,27.16694,tebu,2009,3,LONDRINA,PR
157,19.8,3.07658,pyra_epox,2010,2,CAPÃO BONITO,SP
171,19.8,5.71215,pyra_metc,2011,2,PLANALTINA,DF
198,19.8,9.63507,pico_cypr,2012,2,PLANALTINA,DF
207,19.8,0.32639,cypr,2012,2,GUARAPUAVA,PR
94,19.8,0.063,check,2009,3,ENTRE RIOS,PR
174,19.9,37.16914,trif_prot,2011,2,SENADOR CANEDO,GO
63,20,48.03922,pyra_epox,2007,2,SÃO GABRIEL DO OESTE,MS
134,20,1.50873,azox_cypr,2009,NA,SANTA MARIA,RS
164,20,118.85658,pyra_metc,2010,2,UBERABA,MG
174,20,37.16914,pico_cypr,2011,2,SENADOR CANEDO,GO
183,20,16.55883,tebu,2011,2,LONDRINA,PR
201,20,25.4434,trif_prot,2012,2,CAPÃO BONITO,SP
211,20,160.71324,trif_prot,2013,3,CASCAVEL,PR
215,20,69.97863,trif_prot,2013,2,PEDRA PRETA,MT
247,20,7.69267,trif_prot,2014,2,PAULÍNIA,SP
250,20,4.57996,trif_prot,2014,2,SANTA MARIA,RS
158,20.1,7.43021,cypr,2010,NA,SENADOR CANEDO,GO
211,20.2,160.71324,pico_cypr,2013,3,CASCAVEL,PR
102,20.3,13.95629,azox_cypr,2009,2,RIO VERDE,GO
40,20.3,40.76914,cypr,2007,2,LONDRINA,PR
171,20.5,5.71215,pico_cypr,2011,2,PLANALTINA,DF
206,20.5,0.93333,cypr,2012,2,PLANALTINA,DF
235,20.5,15.77622,azox_cypr,2014,2,PRIMAVERA DO LESTE,MT
251,20.5,0.45,cypr,2014,2,PALMEIRA,PR
108,20.6,7.40093,tebu,2009,2,SANTA MARIA,RS
6,20.7,37.7947,check,2005,2,GOIÂNIA,GO
223,20.7,71.92403,tebu,2013,2,LONDRINA,PR
10,20.8,8.5765,check,2005,2,RIACHÃO,MA
134,21,1.50873,trif_prot,2009,NA,SANTA MARIA,RS
157,21.1,3.07658,tebu,2010,2,CAPÃO BONITO,SP
157,21.1,3.07658,azox_cypr,2010,2,CAPÃO BONITO,SP
188,21.1,29.87248,pyra_epox,2011,2,PASSO FUNDO,RS
150,21.3,12.41987,pico_cypr,2010,2,SERRA PETROVINA,MT
171,21.3,5.71215,pyra_epox,2011,2,PLANALTINA,DF
183,21.3,16.55883,cypr,2011,2,LONDRINA,PR
228,21.3,1.78622,tebu,2013,3,PLANALTINA,DF
25,21.3,17.13778,tebu,2006,2,CAPÃO BONITO,SP
92,21.3,76.64312,tebu,2009,2,CHAPADÃO DO SUL,MS
28,21.4,92.71949,tebu,2006,2,GOIÂNIA,GO
27,21.7,32.56216,cypr,2006,2,LUIZ EDUARDO MAGALHÃES,BA
197,21.8,2.41944,pico_cypr,2012,3,DECIOLÂNDIA,MT
197,21.8,2.41944,azox_cypr,2012,3,DECIOLÂNDIA,MT
244,21.8,28.18987,pyra_metc,2014,3,CASCAVEL,PR
145,21.8,25.53655,azox_cypr,2010,2,CHAPADÃO DO SUL,MS
172,21.9,17.74669,pyra_epox,2011,2,GOIÂNIA,GO
172,22,17.74669,pyra_metc,2011,2,GOIÂNIA,GO
37,22,519.11825,cypr,2006,2,COSTA RICA,MS
198,22,9.63507,pyra_epox,2012,2,PLANALTINA,DF
229,22.2,4.42391,tebu,2013,2,PASSO FUNDO,RS
25,22.3,17.13778,cypr,2006,2,CAPÃO BONITO,SP
95,22.3,4.09635,pico_cypr,2009,2,LUCAS DO RIO VERDE,MT
22,22.4,4.642,check,2006,2,MARACAJÚ,MS
55,22.4,9.66726,tebu,2007,2,RIACHÃO,MA
172,22.4,17.74669,trif_prot,2011,2,GOIÂNIA,GO
66,22.5,36.38628,azox_cypr,2007,2,CAPÃO BONITO,SP
180,22.5,37.39107,trif_prot,2011,2,RONDONÓPOLIS,MT
226,22.5,74.28072,pyra_epox,2013,2,PAULÍNIA,SP
165,22.6,12.79339,tebu,2010,2,IRACEMÁPOLIS,SP
102,22.7,13.95629,pico_cypr,2009,2,RIO VERDE,GO
157,22.7,3.07658,pico_cypr,2010,2,CAPÃO BONITO,SP
213,22.9,3.6693,check,2013,2,SANTO ANTONIO DE GOIAS,GO
102,22.9,13.95629,pyra_epox,2009,2,RIO VERDE,GO
71,23,44.67594,pyra_epox,2007,2,CHAPADÃO DO SUL,MS
177,23,50.33197,pyra_metc,2011,2,CAMPO VERDE,MT
198,23,9.63507,azox_cypr,2012,2,PLANALTINA,DF
200,23,4.01285,tebu,2012,2,LONDRINA,PR
226,23,74.28072,trif_prot,2013,2,PAULÍNIA,SP
247,23,7.69267,pico_cypr,2014,2,PAULÍNIA,SP
86,23.1,13.95273,tebu,2008,NA,GOIÂNIA,GO
172,23.1,17.74669,pico_cypr,2011,2,GOIÂNIA,GO
157,23.1,3.07658,cypr,2010,2,CAPÃO BONITO,SP
233,23.1,13.58053,azox,2014,3,CHAPADÃO DO SUL,MS
30,23.2,4.5952,check,2006,2,SENADOR CANEDO,GO
242,23.2,9.05476,pico_cypr,2014,NA,SANTO ANTONIO DE GOIAS,GO
95,23.3,4.09635,azox_cypr,2009,2,LUCAS DO RIO VERDE,MT
197,23.3,2.41944,pyra_epox,2012,3,DECIOLÂNDIA,MT
206,23.3,0.93333,tebu,2012,2,PLANALTINA,DF
237,23.3,27.19569,trif_prot,2014,3,RIO VERDE,GO
229,23.3,4.42391,cypr,2013,2,PASSO FUNDO,RS
80,23.5,3.81511,tebu,2008,2,MARILÂNDIA DO SUL,PR
120,23.5,4.79048,tebu,2009,2,LUCAS DO RIO VERDE,MT
211,23.5,160.71324,azox_cypr,2013,3,CASCAVEL,PR
74,23.6,69.31855,pyra_epox,2007,2,DOURADOS,MS
157,23.7,3.0766,check,2010,2,CAPÃO BONITO,SP
180,23.8,37.39107,pyra_metc,2011,2,RONDONÓPOLIS,MT
59,23.8,9.70913,azox,2007,2,LONDRINA,PR
87,23.9,14.8669,check,2008,NA,SÃO DESIDÉRIO,BA
68,24.2,14.30184,azox,2007,2,SENADOR CANEDO,GO
189,24.3,2.981,check,2011,2,PASSO FUNDO,RS
135,24.4,19.38492,trif_prot,2009,2,CAPÃO BONITO,SP
166,24.4,0.1881,check,2010,2,ITAARA,RS
69,24.4,26.3444,pyra_epox,2007,2,GOIÂNIA,GO
188,24.5,29.87248,pico_cypr,2011,2,PASSO FUNDO,RS
170,24.5,3.66239,pico_cypr,2010,3,LUZIANIA,GO
244,24.5,28.18987,pico_cypr,2014,3,CASCAVEL,PR
12,24.8,10.92988,tebu,2005,2,PAULÍNIA,SP
103,24.8,27.1764,check,2009,3,UBERABA,MG
109,24.8,16.89974,pico_cypr,2009,2,SANTA MARIA,RS
171,24.8,5.71215,trif_prot,2011,2,PLANALTINA,DF
244,24.8,28.18987,pyra_epox,2014,3,CASCAVEL,PR
31,25,23.70635,tebu,2006,2,PAULÍNIA,SP
46,25,46.52903,tebu,2007,2,CAPÃO BONITO,SP
171,25,5.71215,azox_cypr,2011,2,PLANALTINA,DF
175,25,5.18648,trif_prot,2011,2,CHAPADÃO DO SUL,MS
222,25.2,78.67347,trif_prot,2013,3,RIO VERDE,GO
169,25.3,2.76496,tebu,2010,2,CRUZ ALTA,RS
60,25.5,10.8433,tebu,2007,2,PAULÍNIA,SP
71,25.5,44.67594,azox,2007,2,CHAPADÃO DO SUL,MS
109,25.5,16.89974,pyra_epox,2009,2,SANTA MARIA,RS
77,25.6,31.7061,check,2007,2,PATO BRANCO,PR
26,25.6,303.11364,tebu,2006,2,UBERABA,MG
110,25.6,16.46864,azox_cypr,2009,3,CAPÃO BONITO,SP
60,25.8,10.8433,pyra_epox,2007,2,PAULÍNIA,SP
128,25.8,11.6861,check,2009,3,UBERABA,MG
21,26.3,19.14683,tebu,2006,2,CAMPO VERDE,MT
104,26.3,12.08496,pyra_epox,2009,2,CAMPO VERDE,MT
161,26.3,10.64645,cypr,2010,2,LONDRINA,PR
175,26.3,5.18648,pyra_metc,2011,2,CHAPADÃO DO SUL,MS
251,26.3,0.45,azox,2014,2,PALMEIRA,PR
100,26.3,20.54338,tebu,2009,3,LONDRINA,PR
126,26.6,0.0591,check,2009,2,RIO VERDE,GO
170,26.8,3.66239,pyra_epox,2010,3,LUZIANIA,GO
170,26.8,3.66239,azox_cypr,2010,3,LUZIANIA,GO
214,26.8,93.58307,trif_prot,2013,3,DIAMANTINO,MT
165,27,12.79339,cypr,2010,2,IRACEMÁPOLIS,SP
199,27,54.00694,trif_prot,2012,2,IRACEMÁPOLIS,SP
230,27,127.28098,trif_prot,2013,3,MAUA DA SERRA,PR
251,27,0.45,check,2014,2,PALMEIRA,PR
69,27.2,26.3444,azox,2007,2,GOIÂNIA,GO
60,27.3,10.8433,azox_cypr,2007,2,PAULÍNIA,SP
74,27.3,69.31855,azox,2007,2,DOURADOS,MS
90,27.3,3.94954,tebu,2009,3,TANGARÁ DA SERRA,MT
72,27.5,131.57095,azox_cypr,2007,2,CHAPADÃO DO SUL,MS
150,27.5,12.41987,pyra_metc,2010,2,SERRA PETROVINA,MT
164,27.5,118.85658,pico_cypr,2010,2,UBERABA,MG
172,27.6,17.74669,azox_cypr,2011,2,GOIÂNIA,GO
238,27.6,1.87802,pico_cypr,2014,3,RIO VERDE,GO
119,27.7,2.8757,check,2009,3,ENTRE RIOS,PR
48,27.7,24.52875,tebu,2007,2,SENADOR CANEDO,GO
229,27.7,4.4239,check,2013,2,PASSO FUNDO,RS
143,27.8,51.42749,pyra_metc,2010,2,RIO VERDE,GO
248,28,80.1194,trif_prot,2014,3,JATAÍ,GO
175,28.1,5.18648,pico_cypr,2011,2,CHAPADÃO DO SUL,MS
12,28.3,10.92988,azox_cypr,2005,2,PAULÍNIA,SP
199,28.3,54.00694,pico_cypr,2012,2,IRACEMÁPOLIS,SP
143,28.6,51.42749,pico_cypr,2010,2,RIO VERDE,GO
143,28.6,51.42749,pyra_epox,2010,2,RIO VERDE,GO
211,28.6,160.71324,cypr,2013,3,CASCAVEL,PR
109,28.8,16.89974,azox_cypr,2009,2,SANTA MARIA,RS
127,28.8,5.48432,tebu,2009,2,RIO VERDE,GO
135,28.8,19.38492,azox_cypr,2009,2,CAPÃO BONITO,SP
175,28.8,5.18648,pyra_epox,2011,2,CHAPADÃO DO SUL,MS
223,28.8,71.92403,azox,2013,2,LONDRINA,PR
133,29,3.06349,pyra_metc,2009,2,SANTA MARIA,RS
250,29,4.57996,pico_cypr,2014,2,SANTA MARIA,RS
233,29.1,13.5805,check,2014,3,CHAPADÃO DO SUL,MS
95,29.3,4.09635,pyra_epox,2009,2,LUCAS DO RIO VERDE,MT
199,29.3,54.00694,pyra_epox,2012,2,IRACEMÁPOLIS,SP
227,29.3,25.03053,azox,2013,3,ITAARA,RS
70,29.4,5.5217,check,2007,2,ALVORADA,TO
245,29.4,23.52286,trif_prot,2014,3,MARILÂNDIA DO SUL,PR
39,29.4,20.1476,check,2007,2,TAMARANA,PR
54,29.7,39.3165,check,2007,2,LUIZ EDUARDO MAGALHÃES,BA
112,29.8,90.67274,pyra_epox,2009,2,IRACEMÁPOLIS,SP
164,29.8,118.85658,pyra_epox,2010,2,UBERABA,MG
170,29.8,3.66239,pyra_metc,2010,3,LUZIANIA,GO
243,29.8,5.36272,pico_cypr,2014,3,SENADOR CANEDO,GO
31,30,23.70635,cypr,2006,2,PAULÍNIA,SP
46,30,46.52903,cypr,2007,2,CAPÃO BONITO,SP
76,30,14.94828,pyra_epox,2007,2,RIACHÃO,MA
180,30,37.39107,pyra_epox,2011,2,RONDONÓPOLIS,MT
199,30,54.00694,azox_cypr,2012,2,IRACEMÁPOLIS,SP
249,30,1.2295,check,2014,2,BRASÍLIA,DF
86,30.2,13.9527,check,2008,NA,GOIÂNIA,GO
138,30.3,14.77937,azox_cypr,2009,2,IRACEMÁPOLIS,SP
226,30.5,74.28072,pico_cypr,2013,2,PAULÍNIA,SP
241,30.6,15.68549,pico_cypr,2014,2,SANTO ANTONIO DE GOIAS,GO
175,30.6,5.18648,azox_cypr,2011,2,CHAPADÃO DO SUL,MS
44,30.8,41.00379,tebu,2007,2,SÃO GABRIEL DO OESTE,MS
32,31,8.88889,cypr,2006,2,PAULÍNIA,SP
181,31.1,43.46405,cypr,2011,2,CASCAVEL,PR
97,31.1,18.23483,tebu,2009,3,GOIÂNIA,GO
21,31.3,19.14683,cypr,2006,2,CAMPO VERDE,MT
198,31.3,9.63507,azox,2012,2,PLANALTINA,DF
195,31.3,5.74013,trif_prot,2012,2,RIO VERDE,GO
41,31.4,19.56324,tebu,2007,2,PAULÍNIA,SP
68,31.4,14.30184,tebu,2007,2,SENADOR CANEDO,GO
49,31.6,38.89591,cypr,2007,2,GOIÂNIA,GO
66,31.7,36.38628,pyra_epox,2007,2,CAPÃO BONITO,SP
161,31.9,10.64645,tebu,2010,2,LONDRINA,PR
185,31.9,32.22233,cypr,2011,2,MAFRA,SC
143,32,51.42749,azox_cypr,2010,2,RIO VERDE,GO
115,32,1.40317,tebu,2009,3,TANGARÁ DA SERRA,MT
159,32,44.1573,cypr,2010,NA,GOIÂNIA,GO
68,32.2,14.30184,pyra_epox,2007,2,SENADOR CANEDO,GO
71,32.3,44.67594,tebu,2007,2,CHAPADÃO DO SUL,MS
96,32.3,16.60406,azox_cypr,2009,2,LUCAS DO RIO VERDE,MT
75,32.4,26.4184,check,2007,2,LUIZ EDUARDO MAGALHÃES,BA
118,32.5,37.49762,pyra_metc,2009,3,CHAPADÃO DO SUL,MS
180,32.5,37.39107,pico_cypr,2011,2,RONDONÓPOLIS,MT
215,32.5,69.97863,azox_cypr,2013,2,PEDRA PRETA,MT
48,32.5,24.52875,cypr,2007,2,SENADOR CANEDO,GO
195,32.7,5.74013,pico_cypr,2012,2,RIO VERDE,GO
76,32.8,14.94828,azox_cypr,2007,2,RIACHÃO,MA
155,32.8,20.42122,tebu,2010,2,LONDRINA,PR
122,32.9,5.5159,tebu,2009,3,GOIÂNIA,GO
58,33,6.7553,check,2007,2,TAMARANA,PR
154,33.2,9.61924,tebu,2010,2,SENADOR CANEDO,GO
138,33.3,14.77937,trif_prot,2009,2,IRACEMÁPOLIS,SP
203,33.3,116.98889,pico_cypr,2012,3,SANTO ANTONIO DE GOIAS,GO
42,33.5,2.00319,tebu,2007,2,PLANALTINA,DF
188,33.6,29.87248,cypr,2011,2,PASSO FUNDO,RS
124,33.6,14.34246,tebu,2009,NA,BRASNORTE,MT
111,33.7,27.7461,check,2009,2,JATAÍ,GO
110,33.8,16.46864,pico_cypr,2009,3,CAPÃO BONITO,SP
215,33.8,69.97863,pico_cypr,2013,2,PEDRA PRETA,MT
95,34,4.09635,tebu,2009,2,LUCAS DO RIO VERDE,MT
121,34,3.04921,trif_prot,2009,2,LUCAS DO RIO VERDE,MT
51,34.1,46.29786,tebu,2007,2,CHAPADÃO DO SUL,MS
120,34.3,4.7905,check,2009,2,LUCAS DO RIO VERDE,MT
224,34.4,40.8348,check,2013,2,JATAÍ,GO
28,34.9,92.71949,cypr,2006,2,GOIÂNIA,GO
104,35,12.08496,tebu,2009,2,CAMPO VERDE,MT
113,35,12.39149,pyra_epox,2009,NA,SÃO GABRIEL DO OESTE,MS
150,35,12.41987,azox_cypr,2010,2,SERRA PETROVINA,MT
239,35,12.04741,azox,2014,2,PRIMAVERA DO LESTE,MT
147,35.1,8.93935,cypr,2010,3,CASCAVEL,PR
170,35.3,3.66239,tebu,2010,3,LUZIANIA,GO
204,35.3,10.6472,check,2012,3,SENADOR CANEDO,GO
247,35.3,7.69267,pyra_metc,2014,2,PAULÍNIA,SP
73,35.3,13.299620000000001,azox_cypr,2007,2,CHAPADÃO DO SUL,MS
223,35.4,71.92403,cypr,2013,2,LONDRINA,PR
66,35.4,36.38628,azox,2007,2,CAPÃO BONITO,SP
112,35.5,90.67274,azox_cypr,2009,2,IRACEMÁPOLIS,SP
241,35.7,15.68549,azox_cypr,2014,2,SANTO ANTONIO DE GOIAS,GO
138,35.8,14.77937,tebu,2009,2,IRACEMÁPOLIS,SP
79,35.8,35.48769,pico_cypr,2008,2,LONDRINA,PR
170,36,3.66239,cypr,2010,3,LUZIANIA,GO
203,36,116.98889,pyra_epox,2012,3,SANTO ANTONIO DE GOIAS,GO
250,36,4.57996,azox_cypr,2014,2,SANTA MARIA,RS
112,36.1,90.67274,tebu,2009,2,IRACEMÁPOLIS,SP
211,36.2,160.71324,azox,2013,3,CASCAVEL,PR
110,36.3,16.46864,pyra_epox,2009,3,CAPÃO BONITO,SP
199,36.3,54.00694,tebu,2012,2,IRACEMÁPOLIS,SP
215,36.3,69.97863,cypr,2013,2,PEDRA PRETA,MT
215,36.3,69.97863,pyra_epox,2013,2,PEDRA PRETA,MT
247,36.3,7.69267,azox_cypr,2014,2,PAULÍNIA,SP
88,36.5,69.9894,check,2008,NA,LUIZ EDUARDO MAGALHÃES,BA
34,36.5,4.4652,check,2006,2,LONDRINA,PR
107,36.5,16.4968,check,2009,2,PLANALTINA,DF
132,36.5,28.0765,check,2009,2,PLANALTINA,DF
184,36.6,24.19623,cypr,2011,2,MAFRA,SC
20,36.6,98.31029,cypr,2006,2,LONDRINA,PR
76,36.8,14.94828,azox,2007,2,RIACHÃO,MA
79,36.8,35.48769,azox_cypr,2008,2,LONDRINA,PR
173,36.9,3.75288,cypr,2011,2,RIO VERDE,GO
168,36.9,16.1149,check,2010,2,LONDRINA,PR
112,37,90.67274,pico_cypr,2009,2,IRACEMÁPOLIS,SP
194,37,33.8684,check,2012,2,JATAÍ,GO
250,37,4.57996,pyra_metc,2014,2,SANTA MARIA,RS
2,37,9.8328,check,2005,2,LONDRINA,PR
66,37.1,36.38628,tebu,2007,2,CAPÃO BONITO,SP
182,37.1,0.48713,cypr,2011,2,GUARAPUAVA,PR
227,37.3,25.03053,cypr,2013,3,ITAARA,RS
184,37.3,24.19623,tebu,2011,2,MAFRA,SC
64,37.5,89.6261,azox_cypr,2007,2,CAMPO VERDE,MT
177,37.5,50.33197,trif_prot,2011,2,CAMPO VERDE,MT
177,37.5,50.33197,pyra_epox,2011,2,CAMPO VERDE,MT
204,37.5,10.64722,tebu,2012,3,SENADOR CANEDO,GO
220,37.5,43.27491,cypr,2013,2,CHAPADÃO DO SUL,MS
235,37.5,15.77622,azox,2014,2,PRIMAVERA DO LESTE,MT
239,37.5,12.04741,cypr,2014,2,PRIMAVERA DO LESTE,MT
137,37.7,16.9716,check,2009,2,JATAÍ,GO
155,37.9,20.42122,cypr,2010,2,LONDRINA,PR
241,38,15.68549,cypr,2014,2,SANTO ANTONIO DE GOIAS,GO
47,38,52.5343,check,2007,2,UBERABA,MG
203,38,116.98889,trif_prot,2012,3,SANTO ANTONIO DE GOIAS,GO
207,38,0.32639,tebu,2012,2,GUARAPUAVA,PR
243,38,5.36272,azox_cypr,2014,3,SENADOR CANEDO,GO
220,38.1,43.27491,tebu,2013,2,CHAPADÃO DO SUL,MS
199,38.3,54.00694,azox,2012,2,IRACEMÁPOLIS,SP
247,38.3,7.69267,pyra_epox,2014,2,PAULÍNIA,SP
185,38.4,32.22233,tebu,2011,2,MAFRA,SC
211,38.4,160.71324,pyra_epox,2013,3,CASCAVEL,PR
227,38.5,25.03053,tebu,2013,3,ITAARA,RS
72,38.8,131.57095,tebu,2007,2,CHAPADÃO DO SUL,MS
113,38.8,12.39149,pico_cypr,2009,NA,SÃO GABRIEL DO OESTE,MS
113,38.8,12.39149,azox_cypr,2009,NA,SÃO GABRIEL DO OESTE,MS
135,38.8,19.38492,pyra_metc,2009,2,CAPÃO BONITO,SP
151,38.8,49.01175,pyra_epox,2010,2,CAMPO VERDE,MT
217,38.8,69.23077,azox_cypr,2013,2,CAMPO VERDE,MT
158,39,7.43021,tebu,2010,NA,SENADOR CANEDO,GO
214,39.3,93.58307,pico_cypr,2013,3,DIAMANTINO,MT
163,39.4,4.22077,cypr,2010,2,JATAÍ,GO
23,39.4,8.6806,check,2006,NA,GUARAPUAVA,PR
209,39.4,7.5611,check,2013,2,CAPÃO BONITO,SP
109,39.5,16.89974,tebu,2009,2,SANTA MARIA,RS
50,39.5,2.6653,check,2007,2,ALVORADA,TO
222,39.6,78.67347,azox_cypr,2013,3,RIO VERDE,GO
101,39.9,6.6322,check,2009,2,RIO VERDE,GO
140,40,39.38095,trif_prot,2009,NA,SÃO GABRIEL DO OESTE,MS
177,40,50.33197,pico_cypr,2011,2,CAMPO VERDE,MT
216,40,21.6128,check,2013,2,PRIMAVERA DO LESTE,MT
217,40,69.23077,pico_cypr,2013,2,CAMPO VERDE,MT
250,40,4.57996,pyra_epox,2014,2,SANTA MARIA,RS
221,40,1.8863,check,2013,3,SENADOR CANEDO,GO
199,40.5,54.00694,cypr,2012,2,IRACEMÁPOLIS,SP
69,40.6,26.3444,check,2007,2,GOIÂNIA,GO
195,40.6,5.74013,pyra_epox,2012,2,RIO VERDE,GO
238,40.6,1.87802,azox_cypr,2014,3,RIO VERDE,GO
222,40.7,78.67347,pyra_epox,2013,3,RIO VERDE,GO
190,40.8,1.13175,pico_cypr,2011,2,CAPÃO BONITO,SP
138,41,14.77937,pyra_metc,2009,2,IRACEMÁPOLIS,SP
225,41,31.7662,check,2013,3,PALMEIRA,PR
149,41,283.9388,check,2010,2,LUIZ EDUARDO MAGALHÃES,BA
163,41.1,4.22077,tebu,2010,2,JATAÍ,GO
222,41.2,78.67347,pico_cypr,2013,3,RIO VERDE,GO
173,41.2,3.75288,tebu,2011,2,RIO VERDE,GO
171,41.3,5.71215,cypr,2011,2,PLANALTINA,DF
177,41.3,50.33197,azox_cypr,2011,2,CAMPO VERDE,MT
235,41.3,15.77622,tebu,2014,2,PRIMAVERA DO LESTE,MT
247,41.5,7.69267,cypr,2014,2,PAULÍNIA,SP
144,41.8,43.60284,cypr,2010,2,MAFRA,SC
20,41.9,98.31029,tebu,2006,2,LONDRINA,PR
42,41.9,2.00319,cypr,2007,2,PLANALTINA,DF
15,42,20.6265,check,2005,2,BRASÍLIA,DF
140,42,39.38095,azox_cypr,2009,NA,SÃO GABRIEL DO OESTE,MS
190,42,1.13175,pyra_epox,2011,2,CAPÃO BONITO,SP
197,42,2.41944,azox,2012,3,DECIOLÂNDIA,MT
240,42.1,1.08662,pico_cypr,2014,3,DECIOLÂNDIA,MT
51,42.3,46.29786,cypr,2007,2,CHAPADÃO DO SUL,MS
73,42.3,13.299620000000001,pyra_epox,2007,2,CHAPADÃO DO SUL,MS
175,42.3,5.18648,tebu,2011,2,CHAPADÃO DO SUL,MS
237,42.3,27.19569,pico_cypr,2014,3,RIO VERDE,GO
240,42.3,1.08662,azox_cypr,2014,3,DECIOLÂNDIA,MT
67,42.5,20.4288,check,2007,2,UBERABA,MG
151,42.5,49.01175,pyra_metc,2010,2,CAMPO VERDE,MT
171,42.5,5.71215,tebu,2011,2,PLANALTINA,DF
180,42.5,37.39107,azox_cypr,2011,2,RONDONÓPOLIS,MT
215,42.5,69.97863,tebu,2013,2,PEDRA PRETA,MT
55,42.8,9.66726,cypr,2007,2,RIACHÃO,MA
190,42.8,1.13175,azox_cypr,2011,2,CAPÃO BONITO,SP
146,42.9,23.78373,cypr,2010,3,CHAPADÃO DO SUL,MS
140,43,39.38095,pyra_metc,2009,NA,SÃO GABRIEL DO OESTE,MS
141,43,13.96429,trif_prot,2009,NA,ANTONIO JOÃO,MS
190,43,1.13175,pyra_metc,2011,2,CAPÃO BONITO,SP
60,43.3,10.8433,azox,2007,2,PAULÍNIA,SP
96,43.3,16.60406,pyra_epox,2009,2,LUCAS DO RIO VERDE,MT
176,43.3,15.86111,pyra_metc,2011,2,DOURADOS,MS
153,43.3,11.25348,cypr,2010,3,PASSO FUNDO,RS
52,43.4,75.39699,tebu,2007,2,CHAPADÃO DO SUL,MS
238,43.4,1.87802,pyra_epox,2014,3,RIO VERDE,GO
175,43.5,5.18648,cypr,2011,2,CHAPADÃO DO SUL,MS
248,43.5,80.1194,pico_cypr,2014,3,JATAÍ,GO
220,43.8,43.27491,azox,2013,2,CHAPADÃO DO SUL,MS
99,43.8,7.74542,tebu,2009,NA,BRASNORTE,MT
235,44,15.77622,pyra_metc,2014,2,PRIMAVERA DO LESTE,MT
245,44,23.52286,pico_cypr,2014,3,MARILÂNDIA DO SUL,PR
195,44.1,5.74013,azox_cypr,2012,2,RIO VERDE,GO
144,44.2,43.60284,tebu,2010,2,MAFRA,SC
174,44.5,37.16914,pyra_metc,2011,2,SENADOR CANEDO,GO
133,44.5,3.06349,azox_cypr,2009,2,SANTA MARIA,RS
247,44.5,7.69267,azox,2014,2,PAULÍNIA,SP
73,44.8,13.299620000000001,tebu,2007,2,CHAPADÃO DO SUL,MS
185,44.8,32.2223,check,2011,2,MAFRA,SC
79,44.8,35.48769,tebu,2008,2,LONDRINA,PR
44,45,41.00379,cypr,2007,2,SÃO GABRIEL DO OESTE,MS
62,45,17.93139,azox_cypr,2007,NA,IPAMERI,GO
62,45,17.93139,tebu,2007,NA,IPAMERI,GO
165,45,12.7934,check,2010,2,IRACEMÁPOLIS,SP
176,45,15.86111,pyra_epox,2011,2,DOURADOS,MS
179,45,6.7169,check,2011,2,PEDRA PRETA,MT
193,45,8.85417,trif_prot,2012,2,PEDRA PRETA,MT
198,45,9.63507,cypr,2012,2,PLANALTINA,DF
201,45,25.4434,azox_cypr,2012,2,CAPÃO BONITO,SP
217,45,69.23077,trif_prot,2013,2,CAMPO VERDE,MT
239,45,12.04741,tebu,2014,2,PRIMAVERA DO LESTE,MT
133,45.3,3.06349,trif_prot,2009,2,SANTA MARIA,RS
163,45.3,4.2208,check,2010,2,JATAÍ,GO
214,45.5,93.58307,azox_cypr,2013,3,DIAMANTINO,MT
14,45.6,55.8498,check,2005,2,PATO BRANCO,PR
241,45.6,15.68549,pyra_epox,2014,2,SANTO ANTONIO DE GOIAS,GO
142,45.8,1.5844,cypr,2010,3,DIAMANTINO,MT
231,45.8,0.7326,check,2013,2,ENTRE RIOS,PR
241,46,15.68549,tebu,2014,2,SANTO ANTONIO DE GOIAS,GO
141,46,13.96429,pyra_metc,2009,NA,ANTONIO JOÃO,MS
176,46,15.86111,pico_cypr,2011,2,DOURADOS,MS
217,46.3,69.23077,cypr,2013,2,CAMPO VERDE,MT
235,46.3,15.77622,pyra_epox,2014,2,PRIMAVERA DO LESTE,MT
241,46.3,15.68549,azox,2014,2,SANTO ANTONIO DE GOIAS,GO
121,46.5,3.04921,tebu,2009,2,LUCAS DO RIO VERDE,MT
176,46.5,15.86111,trif_prot,2011,2,DOURADOS,MS
203,46.5,116.98889,azox_cypr,2012,3,SANTO ANTONIO DE GOIAS,GO
190,46.8,1.13175,trif_prot,2011,2,CAPÃO BONITO,SP
238,47,1.87802,azox,2014,3,RIO VERDE,GO
45,47.5,94.09722,tebu,2007,2,CAMPO VERDE,MT
118,47.5,37.49762,tebu,2009,3,CHAPADÃO DO SUL,MS
193,47.5,8.85417,pico_cypr,2012,2,PEDRA PRETA,MT
193,47.5,8.85417,azox_cypr,2012,2,PEDRA PRETA,MT
215,47.5,69.97863,azox,2013,2,PEDRA PRETA,MT
154,47.5,9.6192,check,2010,2,SENADOR CANEDO,GO
241,47.6,15.68549,pyra_metc,2014,2,SANTO ANTONIO DE GOIAS,GO
238,47.6,1.87802,cypr,2014,3,RIO VERDE,GO
247,47.8,7.69267,tebu,2014,2,PAULÍNIA,SP
136,47.9,34.2371,check,2009,2,PASSO FUNDO,RS
188,48.1,29.87248,tebu,2011,2,PASSO FUNDO,RS
46,48.1,46.529,check,2007,2,CAPÃO BONITO,SP
146,48.1,23.78373,tebu,2010,3,CHAPADÃO DO SUL,MS
153,48.2,11.25348,tebu,2010,3,PASSO FUNDO,RS
121,48.3,3.04921,azox_cypr,2009,2,LUCAS DO RIO VERDE,MT
190,48.3,1.13175,tebu,2011,2,CAPÃO BONITO,SP
72,48.5,131.57095,azox,2007,2,CHAPADÃO DO SUL,MS
162,48.7,20.24685,tebu,2010,3,ENTRE RIOS,PR
41,48.8,19.56324,cypr,2007,2,PAULÍNIA,SP
52,48.8,75.39699,cypr,2007,2,CHAPADÃO DO SUL,MS
81,48.8,1.4576,check,2008,2,LONDRINA,PR
151,48.8,49.01175,azox_cypr,2010,2,CAMPO VERDE,MT
176,48.8,15.86111,azox_cypr,2011,2,DOURADOS,MS
141,49,13.96429,azox_cypr,2009,NA,ANTONIO JOÃO,MS
181,49.2,43.46405,tebu,2011,2,CASCAVEL,PR
25,49.4,17.1378,check,2006,2,CAPÃO BONITO,SP
238,49.6,1.87802,tebu,2014,3,RIO VERDE,GO
61,49.8,6.26507,azox_cypr,2007,2,PLANALTINA,DF
191,49.9,55.33878,tebu,2011,2,LONDRINA,PR
238,49.9,1.87802,pyra_metc,2014,3,RIO VERDE,GO
141,50,13.96429,tebu,2009,NA,ANTONIO JOÃO,MS
175,50,5.1865,check,2011,2,CHAPADÃO DO SUL,MS
190,50,1.13175,cypr,2011,2,CAPÃO BONITO,SP
196,50,55.09896,trif_prot,2012,2,SÃO GABRIEL DO OESTE,MS
200,50,4.0128,check,2012,2,LONDRINA,PR
217,50,69.23077,tebu,2013,2,CAMPO VERDE,MT
42,50.4,2.0032,check,2007,2,PLANALTINA,DF
49,50.5,38.8959,check,2007,2,GOIÂNIA,GO
96,50.5,16.60406,pico_cypr,2009,2,LUCAS DO RIO VERDE,MT
133,50.5,3.06349,tebu,2009,2,SANTA MARIA,RS
246,50.8,27.6014,check,2014,2,LONDRINA,PR
102,50.9,13.95629,tebu,2009,2,RIO VERDE,GO
3,51.3,6.5318,check,2005,2,UBERABA,MG
43,51.3,23.3349,tebu,2007,2,IPAMERI,GO
64,51.3,89.6261,tebu,2007,2,CAMPO VERDE,MT
72,51.3,131.57095,pyra_epox,2007,2,CHAPADÃO DO SUL,MS
147,51.5,8.93935,tebu,2010,3,CASCAVEL,PR
203,51.5,116.98889,azox,2012,3,SANTO ANTONIO DE GOIAS,GO
37,51.8,519.1183,check,2006,2,COSTA RICA,MS
113,52.1,12.39149,tebu,2009,NA,SÃO GABRIEL DO OESTE,MS
208,52.3,11.2528,check,2012,2,PALMEIRA,PR
63,52.5,48.03922,azox,2007,2,SÃO GABRIEL DO OESTE,MS
64,52.5,89.6261,azox,2007,2,CAMPO VERDE,MT
131,52.7,11.2895,check,2009,3,LONDRINA,PR
198,53,9.63507,tebu,2012,2,PLANALTINA,DF
242,53,9.05476,azox_cypr,2014,NA,SANTO ANTONIO DE GOIAS,GO
66,53.3,36.3863,check,2007,2,CAPÃO BONITO,SP
211,53.7,160.7132,check,2013,3,CASCAVEL,PR
93,53.8,7.7291,check,2009,3,CHAPADÃO DO SUL,MS
180,53.8,37.39107,cypr,2011,2,RONDONÓPOLIS,MT
193,53.8,8.85417,azox,2012,2,PEDRA PRETA,MT
193,53.8,8.85417,pyra_epox,2012,2,PEDRA PRETA,MT
202,53.8,9.9091,check,2012,2,MAFRA,SC
235,53.8,15.7762,check,2014,2,PRIMAVERA DO LESTE,MT
61,54,6.26507,tebu,2007,2,PLANALTINA,DF
207,54,0.3264,check,2012,2,GUARAPUAVA,PR
244,54.3,28.1899,check,2014,3,CASCAVEL,PR
197,54.5,2.41944,cypr,2012,3,DECIOLÂNDIA,MT
203,54.5,116.98889,cypr,2012,3,SANTO ANTONIO DE GOIAS,GO
155,54.6,20.4212,check,2010,2,LONDRINA,PR
73,54.6,13.299620000000001,azox,2007,2,CHAPADÃO DO SUL,MS
106,54.6,27.1669,check,2009,3,LONDRINA,PR
11,54.6,1.9151,check,2005,2,CHAPADÃO DO SUL,MS
153,54.6,11.2535,check,2010,3,PASSO FUNDO,RS
184,54.7,24.1962,check,2011,2,MAFRA,SC
196,54.8,55.09896,azox_cypr,2012,2,SÃO GABRIEL DO OESTE,MS
245,54.8,23.52286,azox_cypr,2014,3,MARILÂNDIA DO SUL,PR
92,55,76.6431,check,2009,2,CHAPADÃO DO SUL,MS
145,55,25.53655,tebu,2010,2,CHAPADÃO DO SUL,MS
159,55.1,44.1573,tebu,2010,NA,GOIÂNIA,GO
156,55.3,14.76843,tebu,2010,3,LONDRINA,PR
27,56.1,32.5622,check,2006,2,LUIZ EDUARDO MAGALHÃES,BA
217,56.3,69.23077,pyra_epox,2013,2,CAMPO VERDE,MT
40,56.4,40.7691,check,2007,2,LONDRINA,PR
182,56.5,0.48713,tebu,2011,2,GUARAPUAVA,PR
18,56.7,1.222,check,2005,2,TAMARANA,PR
145,56.9,25.53655,cypr,2010,2,CHAPADÃO DO SUL,MS
241,56.9,15.6855,check,2014,2,SANTO ANTONIO DE GOIAS,GO
205,57,0.6267,check,2012,2,ITAARA,RS
248,57,80.1194,azox_cypr,2014,3,JATAÍ,GO
250,57,4.57996,azox,2014,2,SANTA MARIA,RS
90,57.3,3.9495,check,2009,3,TANGARÁ DA SERRA,MT
156,57.4,14.76843,cypr,2010,3,LONDRINA,PR
78,57.5,2.1753,check,2008,2,TAMARANA,PR
45,57.5,94.09722,cypr,2007,2,CAMPO VERDE,MT
117,57.5,3.0971,check,2009,2,CHAPADÃO DO SUL,MS
176,57.5,15.86111,cypr,2011,2,DOURADOS,MS
201,57.5,25.4434,cypr,2012,2,CAPÃO BONITO,SP
201,57.5,25.4434,tebu,2012,2,CAPÃO BONITO,SP
217,57.5,69.23077,azox,2013,2,CAMPO VERDE,MT
226,57.5,74.28072,azox,2013,2,PAULÍNIA,SP
196,57.8,55.09896,pyra_epox,2012,2,SÃO GABRIEL DO OESTE,MS
219,57.8,10.1122,check,2013,3,LONDRINA,PR
245,57.8,23.52286,pyra_metc,2014,3,MARILÂNDIA DO SUL,PR
122,57.9,5.5159,check,2009,3,GOIÂNIA,GO
214,58,93.58307,cypr,2013,3,DIAMANTINO,MT
181,58.1,43.464,check,2011,2,CASCAVEL,PR
144,58.1,43.6028,check,2010,2,MAFRA,SC
9,58.1,26.1469,check,2005,2,CAPÃO BONITO,SP
191,58.1,55.33878,cypr,2011,2,LONDRINA,PR
170,58.3,3.6624,check,2010,3,LUZIANIA,GO
171,58.5,5.7121,check,2011,2,PLANALTINA,DF
206,58.5,0.9333,check,2012,2,PLANALTINA,DF
195,58.8,5.74013,azox,2012,2,RIO VERDE,GO
238,59,1.878,check,2014,3,RIO VERDE,GO
211,59.3,160.71324,tebu,2013,3,CASCAVEL,PR
61,59.5,6.26507,azox,2007,2,PLANALTINA,DF
250,59.5,4.57996,cypr,2014,2,SANTA MARIA,RS
173,59.6,3.7529,check,2011,2,RIO VERDE,GO
55,60,9.6673,check,2007,2,RIACHÃO,MA
62,60,17.93139,pyra_epox,2007,NA,IPAMERI,GO
84,60,10.4991,check,2008,2,CHAPADÃO DO SUL,MS
161,60,10.6464,check,2010,2,LONDRINA,PR
180,60,37.39107,tebu,2011,2,RONDONÓPOLIS,MT
188,60.8,29.8725,check,2011,2,PASSO FUNDO,RS
247,61,7.6927,check,2014,2,PAULÍNIA,SP
1,61.3,20.8384,check,2005,2,LUIZ EDUARDO MAGALHÃES,BA
151,61.3,49.01175,pico_cypr,2010,2,CAMPO VERDE,MT
193,61.3,8.85417,tebu,2012,2,PEDRA PRETA,MT
239,61.3,12.0474,check,2014,2,PRIMAVERA DO LESTE,MT
250,61.8,4.57996,tebu,2014,2,SANTA MARIA,RS
59,61.8,9.7091,check,2007,2,LONDRINA,PR
96,61.9,16.60406,tebu,2009,2,LUCAS DO RIO VERDE,MT
99,62.3,7.7454,check,2009,NA,BRASNORTE,MT
228,62.3,1.7862,check,2013,3,PLANALTINA,DF
121,62.5,3.04921,pyra_metc,2009,2,LUCAS DO RIO VERDE,MT
124,62.5,14.3425,check,2009,NA,BRASNORTE,MT
193,62.5,8.85417,cypr,2012,2,PEDRA PRETA,MT
196,62.5,55.09896,pico_cypr,2012,2,SÃO GABRIEL DO OESTE,MS
197,62.5,2.41944,tebu,2012,3,DECIOLÂNDIA,MT
201,62.5,25.4434,azox,2012,2,CAPÃO BONITO,SP
61,63,6.26507,pyra_epox,2007,2,PLANALTINA,DF
140,63,39.38095,tebu,2009,NA,SÃO GABRIEL DO OESTE,MS
196,63,55.09896,azox,2012,2,SÃO GABRIEL DO OESTE,MS
51,63.3,46.2979,check,2007,2,CHAPADÃO DO SUL,MS
226,63.3,74.28072,azox_cypr,2013,2,PAULÍNIA,SP
226,63.3,74.28072,tebu,2013,2,PAULÍNIA,SP
48,63.4,24.5287,check,2007,2,SENADOR CANEDO,GO
64,63.8,89.6261,pyra_epox,2007,2,CAMPO VERDE,MT
142,63.8,1.5844,tebu,2010,3,DIAMANTINO,MT
177,63.8,50.33197,cypr,2011,2,CAMPO VERDE,MT
214,63.8,93.58307,pyra_epox,2013,3,DIAMANTINO,MT
230,63.8,127.28098,pico_cypr,2013,3,MAUA DA SERRA,PR
190,64,1.1317,check,2011,2,CAPÃO BONITO,SP
245,64,23.52286,pyra_epox,2014,3,MARILÂNDIA DO SUL,PR
143,64,51.42749,tebu,2010,2,RIO VERDE,GO
226,64.3,74.28072,cypr,2013,2,PAULÍNIA,SP
74,64.5,69.3185,check,2007,2,DOURADOS,MS
110,64.6,16.46864,tebu,2009,3,CAPÃO BONITO,SP
147,64.7,8.9393,check,2010,3,CASCAVEL,PR
192,65,28.44618,trif_prot,2012,2,PRIMAVERA DO LESTE,MT
199,65,54.0069,check,2012,2,IRACEMÁPOLIS,SP
245,65.4,23.52286,azox,2014,3,MARILÂNDIA DO SUL,PR
176,65.5,15.86111,tebu,2011,2,DOURADOS,MS
242,65.7,9.05476,pyra_epox,2014,NA,SANTO ANTONIO DE GOIAS,GO
242,66,9.05476,cypr,2014,NA,SANTO ANTONIO DE GOIAS,GO
214,66,93.58307,azox,2013,3,DIAMANTINO,MT
240,66,1.08662,pyra_metc,2014,3,DECIOLÂNDIA,MT
150,66.3,12.41987,cypr,2010,2,SERRA PETROVINA,MT
150,66.3,12.41987,tebu,2010,2,SERRA PETROVINA,MT
164,66.3,118.85658,tebu,2010,2,UBERABA,MG
177,66.3,50.33197,tebu,2011,2,CAMPO VERDE,MT
222,66.4,78.67347,cypr,2013,3,RIO VERDE,GO
143,66.8,51.42749,cypr,2010,2,RIO VERDE,GO
203,67,116.9889,check,2012,3,SANTO ANTONIO DE GOIAS,GO
97,67.1,18.2348,check,2009,3,GOIÂNIA,GO
127,67.3,5.4843,check,2009,2,RIO VERDE,GO
178,67.3,1.06754,cypr,2011,2,DECIOLÂNDIA,MT
183,67.5,16.5588,check,2011,2,LONDRINA,PR
192,67.5,28.44618,pico_cypr,2012,2,PRIMAVERA DO LESTE,MT
222,67.7,78.67347,tebu,2013,3,RIO VERDE,GO
176,68,15.8611,check,2011,2,DOURADOS,MS
13,68.3,28.0518,check,2005,2,PAULÍNIA,SP
240,68.3,1.08662,pyra_epox,2014,3,DECIOLÂNDIA,MT
172,68.6,17.74669,tebu,2011,2,GOIÂNIA,GO
222,68.7,78.67347,azox,2013,3,RIO VERDE,GO
5,68.8,7.3968,check,2005,2,RONDONÓPOLIS,MT
76,68.8,14.9483,check,2007,2,RIACHÃO,MA
240,68.8,1.08662,cypr,2014,3,DECIOLÂNDIA,MT
20,69.5,98.3103,check,2006,2,LONDRINA,PR
60,69.5,10.8433,check,2007,2,PAULÍNIA,SP
182,69.9,0.4871,check,2011,2,GUARAPUAVA,PR
44,70,41.0038,check,2007,2,SÃO GABRIEL DO OESTE,MS
71,70,44.6759,check,2007,2,CHAPADÃO DO SUL,MS
113,70,12.3915,check,2009,NA,SÃO GABRIEL DO OESTE,MS
234,70,38.87672,trif_prot,2014,2,CAMPO VERDE,MT
242,70.1,9.05476,tebu,2014,NA,SANTO ANTONIO DE GOIAS,GO
158,70.4,7.4302,check,2010,NA,SENADOR CANEDO,GO
146,70.4,23.7837,check,2010,3,CHAPADÃO DO SUL,MS
174,70.5,37.16914,tebu,2011,2,SENADOR CANEDO,GO
203,70.5,116.98889,tebu,2012,3,SANTO ANTONIO DE GOIAS,GO
230,70.5,127.28098,azox_cypr,2013,3,MAUA DA SERRA,PR
28,70.6,92.7195,check,2006,2,GOIÂNIA,GO
29,70.8,15.5814,check,2006,2,GOIÂNIA,GO
195,71,5.74013,cypr,2012,2,RIO VERDE,GO
41,71.3,19.5632,check,2007,2,PAULÍNIA,SP
129,71.3,5.0111,check,2009,2,CAMPO VERDE,MT
151,71.3,49.01175,cypr,2010,2,CAMPO VERDE,MT
214,71.3,93.58307,tebu,2013,3,DIAMANTINO,MT
215,71.3,69.9786,check,2013,2,PEDRA PRETA,MT
234,71.3,38.87672,pico_cypr,2014,2,CAMPO VERDE,MT
223,71.4,71.924,check,2013,2,LONDRINA,PR
195,71.7,5.74013,tebu,2012,2,RIO VERDE,GO
112,71.8,90.6727,check,2009,2,IRACEMÁPOLIS,SP
102,71.9,13.9563,check,2009,2,RIO VERDE,GO
172,72,17.74669,cypr,2011,2,GOIÂNIA,GO
141,72,13.9643,check,2009,NA,ANTONIO JOÃO,MS
245,72,23.52286,cypr,2014,3,MARILÂNDIA DO SUL,PR
222,72.3,78.6735,check,2013,3,RIO VERDE,GO
16,72.4,15.1829,check,2005,2,JABOTICABAL,SP
63,72.5,48.0392,check,2007,2,SÃO GABRIEL DO OESTE,MS
95,72.5,4.0964,check,2009,2,LUCAS DO RIO VERDE,MT
104,72.5,12.085,check,2009,2,CAMPO VERDE,MT
138,72.5,14.7794,check,2009,2,IRACEMÁPOLIS,SP
151,72.5,49.01175,tebu,2010,2,CAMPO VERDE,MT
248,72.5,80.1194,cypr,2014,3,JATAÍ,GO
242,73.3,9.05476,pyra_metc,2014,NA,SANTO ANTONIO DE GOIAS,GO
68,73.5,14.3018,check,2007,2,SENADOR CANEDO,GO
121,73.5,3.0492,check,2009,2,LUCAS DO RIO VERDE,MT
82,73.5,44.2599,check,2008,2,PASSO FUNDO,RS
96,73.8,16.6041,check,2009,2,LUCAS DO RIO VERDE,MT
134,74,1.5087,check,2009,NA,SANTA MARIA,RS
191,74,55.3388,check,2011,2,LONDRINA,PR
237,74,27.19569,azox_cypr,2014,3,RIO VERDE,GO
245,74,23.52286,tebu,2014,3,MARILÂNDIA DO SUL,PR
43,75,23.3349,cypr,2007,2,IPAMERI,GO
62,75,17.93139,azox,2007,NA,IPAMERI,GO
145,75,25.5365,check,2010,2,CHAPADÃO DO SUL,MS
150,75,12.4199,check,2010,2,SERRA PETROVINA,MT
180,75,37.3911,check,2011,2,RONDONÓPOLIS,MT
65,75.6,1.3191,check,2007,2,GUARAPUAVA,PR
21,76.3,19.1468,check,2006,2,CAMPO VERDE,MT
135,76.3,19.38492,tebu,2009,2,CAPÃO BONITO,SP
201,76.3,25.4434,check,2012,2,CAPÃO BONITO,SP
156,76.9,14.7684,check,2010,3,LONDRINA,PR
242,77.1,9.05476,azox,2014,NA,SANTO ANTONIO DE GOIAS,GO
143,77.2,51.4275,check,2010,2,RIO VERDE,GO
169,77.5,2.765,check,2010,2,CRUZ ALTA,RS
192,77.5,28.44618,azox_cypr,2012,2,PRIMAVERA DO LESTE,MT
193,77.5,8.8542,check,2012,2,PEDRA PRETA,MT
243,77.5,5.36272,pyra_epox,2014,3,SENADOR CANEDO,GO
250,77.8,4.58,check,2014,2,SANTA MARIA,RS
140,78,39.381,check,2009,NA,SÃO GABRIEL DO OESTE,MS
236,78.3,8.27931,trif_prot,2014,3,PEDRA PRETA,MT
12,78.8,10.9299,check,2005,2,PAULÍNIA,SP
177,78.8,50.332,check,2011,2,CAMPO VERDE,MT
192,78.8,28.44618,azox,2012,2,PRIMAVERA DO LESTE,MT
198,79,9.6351,check,2012,2,PLANALTINA,DF
73,79.2,13.2996,check,2007,2,CHAPADÃO DO SUL,MS
214,79.5,93.5831,check,2013,3,DIAMANTINO,MT
227,79.8,25.0305,check,2013,3,ITAARA,RS
230,79.8,127.28098,pyra_epox,2013,3,MAUA DA SERRA,PR
240,79.8,1.08662,tebu,2014,3,DECIOLÂNDIA,MT
110,80,16.4686,check,2009,3,CAPÃO BONITO,SP
135,80,19.3849,check,2009,2,CAPÃO BONITO,SP
187,80,2.65794,cypr,2011,2,CRUZ ALTA,RS
192,80,28.44618,pyra_epox,2012,2,PRIMAVERA DO LESTE,MT
56,80.1,10.1644,check,2007,2,GUARAPUAVA,PR
24,80.1,14.6004,check,2006,2,CASCAVEL,PR
237,80.3,27.19569,cypr,2014,3,RIO VERDE,GO
243,80.3,5.36272,pyra_metc,2014,3,SENADOR CANEDO,GO
195,80.6,5.7401,check,2012,2,RIO VERDE,GO
108,80.8,7.4009,check,2009,2,SANTA MARIA,RS
243,80.8,5.36272,cypr,2014,3,SENADOR CANEDO,GO
192,81.3,28.44618,cypr,2012,2,PRIMAVERA DO LESTE,MT
237,81.3,27.19569,azox,2014,3,RIO VERDE,GO
242,81.3,9.0548,check,2014,NA,SANTO ANTONIO DE GOIAS,GO
237,81.5,27.19569,pyra_metc,2014,3,RIO VERDE,GO
243,81.5,5.36272,tebu,2014,3,SENADOR CANEDO,GO
197,81.8,2.4194,check,2012,3,DECIOLÂNDIA,MT
226,81.8,74.2807,check,2013,2,PAULÍNIA,SP
237,82.3,27.19569,pyra_epox,2014,3,RIO VERDE,GO
237,82.3,27.19569,tebu,2014,3,RIO VERDE,GO
234,82.5,38.87672,cypr,2014,2,CAMPO VERDE,MT
243,82.5,5.36272,azox,2014,3,SENADOR CANEDO,GO
178,83.3,1.06754,tebu,2011,2,DECIOLÂNDIA,MT
220,83.6,43.2749,check,2013,2,CHAPADÃO DO SUL,MS
31,83.8,23.7063,check,2006,2,PAULÍNIA,SP
32,83.8,8.8889,check,2006,2,PAULÍNIA,SP
125,83.8,2.1883,check,2009,3,LONDRINA,PR
151,83.8,49.0118,check,2010,2,CAMPO VERDE,MT
192,83.8,28.44618,tebu,2012,2,PRIMAVERA DO LESTE,MT
217,83.8,69.2308,check,2013,2,CAMPO VERDE,MT
234,83.8,38.87672,azox_cypr,2014,2,CAMPO VERDE,MT
248,83.8,80.1194,azox,2014,3,JATAÍ,GO
237,84,27.1957,check,2014,3,RIO VERDE,GO
240,84.5,1.08662,azox,2014,3,DECIOLÂNDIA,MT
72,85,131.5709,check,2007,2,CHAPADÃO DO SUL,MS
162,85.7,20.2468,check,2010,3,ENTRE RIOS,PR
61,85.8,6.2651,check,2007,2,PLANALTINA,DF
245,85.8,23.5229,check,2014,3,MARILÂNDIA DO SUL,PR
196,86,55.09896,cypr,2012,2,SÃO GABRIEL DO OESTE,MS
38,86.3,44.5526,check,2006,2,IPAMERI,GO
45,86.3,94.0972,check,2007,2,CAMPO VERDE,MT
109,86.3,16.8997,check,2009,2,SANTA MARIA,RS
234,86.3,38.87672,pyra_metc,2014,2,CAMPO VERDE,MT
159,86.4,44.1573,check,2010,NA,GOIÂNIA,GO
230,86.8,127.28098,azox,2013,3,MAUA DA SERRA,PR
236,86.8,8.27931,pico_cypr,2014,3,PEDRA PRETA,MT
79,87,35.4877,check,2008,2,LONDRINA,PR
80,87.5,3.8151,check,2008,2,MARILÂNDIA DO SUL,PR
196,87.5,55.09896,tebu,2012,2,SÃO GABRIEL DO OESTE,MS
234,87.5,38.87672,azox,2014,2,CAMPO VERDE,MT
192,88,28.4462,check,2012,2,PRIMAVERA DO LESTE,MT
248,88.3,80.1194,pyra_epox,2014,3,JATAÍ,GO
230,88.8,127.28098,cypr,2013,3,MAUA DA SERRA,PR
248,88.8,80.1194,tebu,2014,3,JATAÍ,GO
115,89,1.4032,check,2009,3,TANGARÁ DA SERRA,MT
248,89.3,80.1194,pyra_metc,2014,3,JATAÍ,GO
174,89.5,37.16914,cypr,2011,2,SENADOR CANEDO,GO
243,89.8,5.3627,check,2014,3,SENADOR CANEDO,GO
164,90,118.8566,check,2010,2,UBERABA,MG
240,90,1.0866,check,2014,3,DECIOLÂNDIA,MT
100,90.4,20.5434,check,2009,3,LONDRINA,PR
17,90.9,15.0867,check,2005,2,RIO VERDE,GO
187,91.3,2.65794,tebu,2011,2,CRUZ ALTA,RS
234,91.3,38.87672,pyra_epox,2014,2,CAMPO VERDE,MT
234,91.3,38.87672,tebu,2014,2,CAMPO VERDE,MT
248,92,80.1194,check,2014,3,JATAÍ,GO
64,92.5,89.6261,check,2007,2,CAMPO VERDE,MT
230,93,127.28098,tebu,2013,3,MAUA DA SERRA,PR
236,93,8.27931,azox_cypr,2014,3,PEDRA PRETA,MT
234,93.3,38.8767,check,2014,2,CAMPO VERDE,MT
142,93.5,1.5844,check,2010,3,DIAMANTINO,MT
236,94,8.27931,pyra_epox,2014,3,PEDRA PRETA,MT
236,94.5,8.27931,pyra_metc,2014,3,PEDRA PRETA,MT
174,94.5,37.1691,check,2011,2,SENADOR CANEDO,GO
133,95.3,3.0635,check,2009,2,SANTA MARIA,RS
236,95.5,8.27931,cypr,2014,3,PEDRA PRETA,MT
236,96.3,8.27931,azox,2014,3,PEDRA PRETA,MT
196,97.5,55.099,check,2012,2,SÃO GABRIEL DO OESTE,MS
236,97.5,8.27931,tebu,2014,3,PEDRA PRETA,MT
118,98,37.4976,check,2009,3,CHAPADÃO DO SUL,MS
230,98,127.281,check,2013,3,MAUA DA SERRA,PR
236,98.3,8.2793,check,2014,3,PEDRA PRETA,MT
62,98.8,17.9314,check,2007,NA,IPAMERI,GO
139,99,16.4881,check,2009,2,PAULÍNIA,SP
26,100,303.1136,check,2006,2,UBERABA,MG
36,100,8.9527,check,2006,2,CHAPADÃO DO SUL,MS
43,100,23.3349,check,2007,2,IPAMERI,GO
52,100,75.397,check,2007,2,CHAPADÃO DO SUL,MS
172,100,17.7467,check,2011,2,GOIÂNIA,GO
178,100,1.0675,check,2011,2,DECIOLÂNDIA,MT
187,100,2.6579,check,2011,2,CRUZ ALTA,RS
